CustomerSK,CustomerBK,CustomerName,TerritoryKey,AccountManagerKey,EffectiveDate,ExpiryDate,IsCurrent
1,DIST-001,Distributor_01,1,5,2024-04-01,2099-12-31,True
2,DIST-002,Distributor_02,2,8,2024-04-01,2099-12-31,True
3,DIST-003,Distributor_03,3,7,2024-04-01,2099-12-31,True
4,DIST-004,Distributor_04,4,6,2024-04-01,2099-12-31,True
5,DIST-005,Distributor_05,5,6,2024-04-01,2099-12-31,True
6,DIST-006,Distributor_06,1,8,2024-04-01,2099-12-31,True
7,DIST-007,Distributor_07,1,5,2024-04-01,2025-06-30,False
8,DIST-007,Distributor_07,2,7,2025-07-01,2099-12-31,True
9,DIST-008,Distributor_08,3,5,2024-04-01,2099-12-31,True
10,DIST-009,Distributor_09,4,7,2024-04-01,2099-12-31,True
11,DIST-010,Distributor_10,5,5,2024-04-01,2099-12-31,True
12,DIST-011,Distributor_11,1,5,2024-04-01,2099-12-31,True
13,DIST-012,Distributor_12,2,7,2024-04-01,2099-12-31,True
14,DIST-013,Distributor_13,3,8,2024-04-01,2099-12-31,True
15,DIST-014,Distributor_14,4,7,2024-04-01,2099-12-31,True
16,DIST-015,Distributor_15,5,8,2024-04-01,2099-12-31,True
17,DIST-016,Distributor_16,1,7,2024-04-01,2099-12-31,True
18,DIST-017,Distributor_17,2,8,2024-04-01,2099-12-31,True
19,DIST-018,Distributor_18,3,7,2024-04-01,2099-12-31,True
20,DIST-019,Distributor_19,4,5,2024-04-01,2099-12-31,True
21,DIST-020,Distributor_20,5,8,2024-04-01,2099-12-31,True
22,DIST-021,Distributor_21,1,6,2024-04-01,2099-12-31,True
23,DIST-022,Distributor_22,2,7,2024-04-01,2099-12-31,True
24,DIST-023,Distributor_23,3,6,2024-04-01,2099-12-31,True
25,DIST-024,Distributor_24,4,5,2024-04-01,2099-12-31,True
26,DIST-025,Distributor_25,5,8,2024-04-01,2099-12-31,True
27,DIST-026,Distributor_26,1,8,2024-04-01,2099-12-31,True
28,DIST-027,Distributor_27,2,7,2024-04-01,2099-12-31,True
29,DIST-028,Distributor_28,3,6,2024-04-01,2099-12-31,True
30,DIST-029,Distributor_29,4,8,2024-04-01,2099-12-31,True
31,DIST-030,Distributor_30,5,7,2024-04-01,2099-12-31,True
