FiscalMonthKey,ProductCategoryKey,RegionKey,BudgetAmountUSD
20240401,1,1,58408.65
20240401,1,2,37479.52
20240401,1,3,23966.37
20240401,1,4,55067.1
20240401,1,5,33105.32
20240401,2,1,39485.6
20240401,2,2,17206.8
20240401,2,3,30664.71
20240401,2,4,40017.98
20240401,2,5,46184.36
20240401,3,1,57801.58
20240401,3,2,41257.34
20240401,3,3,27212.93
20240401,3,4,40072.59
20240401,3,5,18191.47
20240401,4,1,21664.38
20240401,4,2,30832.81
20240401,4,3,16001.56
20240401,4,4,18389.59
20240401,4,5,15330.43
20240401,5,1,23180.53
20240401,5,2,52149.33
20240401,5,3,30813.15
20240401,5,4,55610.34
20240401,5,5,54822.2
20240501,1,1,53855.53
20240501,1,2,24534.06
20240501,1,3,30407.68
20240501,1,4,36074.84
20240501,1,5,34421.68
20240501,2,1,18595.51
20240501,2,2,25750.0
20240501,2,3,42909.78
20240501,2,4,45444.29
20240501,2,5,31409.45
20240501,3,1,28364.81
20240501,3,2,41372.97
20240501,3,3,44856.03
20240501,3,4,46994.29
20240501,3,5,51493.27
20240501,4,1,41274.4
20240501,4,2,32049.33
20240501,4,3,30655.02
20240501,4,4,16545.34
20240501,4,5,33736.17
20240501,5,1,54095.13
20240501,5,2,43244.83
20240501,5,3,41687.93
20240501,5,4,25071.61
20240501,5,5,41823.51
20240601,1,1,23118.51
20240601,1,2,30346.04
20240601,1,3,41302.02
20240601,1,4,17042.23
20240601,1,5,29013.6
20240601,2,1,18983.58
20240601,2,2,22377.81
20240601,2,3,30846.59
20240601,2,4,46176.93
20240601,2,5,27034.15
20240601,3,1,15903.62
20240601,3,2,32957.26
20240601,3,3,24945.85
20240601,3,4,50022.68
20240601,3,5,51988.5
20240601,4,1,45193.71
20240601,4,2,42584.66
20240601,4,3,47878.11
20240601,4,4,31919.52
20240601,4,5,44301.64
20240601,5,1,33887.72
20240601,5,2,34342.29
20240601,5,3,50492.92
20240601,5,4,50598.48
20240601,5,5,33020.19
20240701,1,1,57171.8
20240701,1,2,39369.36
20240701,1,3,36922.8
20240701,1,4,37569.63
20240701,1,5,50071.42
20240701,2,1,58539.4
20240701,2,2,46052.56
20240701,2,3,30358.04
20240701,2,4,38256.09
20240701,2,5,28824.15
20240701,3,1,44415.45
20240701,3,2,59964.86
20240701,3,3,53922.2
20240701,3,4,36273.55
20240701,3,5,30398.3
20240701,4,1,35373.08
20240701,4,2,29230.78
20240701,4,3,59623.63
20240701,4,4,24085.89
20240701,4,5,51439.22
20240701,5,1,33645.58
20240701,5,2,44325.62
20240701,5,3,56527.3
20240701,5,4,41643.91
20240701,5,5,42757.35
20240801,1,1,16620.37
20240801,1,2,20797.17
20240801,1,3,39323.21
20240801,1,4,31678.95
20240801,1,5,42411.21
20240801,2,1,32291.05
20240801,2,2,22873.26
20240801,2,3,50854.07
20240801,2,4,53031.37
20240801,2,5,58561.45
20240801,3,1,24032.59
20240801,3,2,29016.01
20240801,3,3,27635.79
20240801,3,4,56854.98
20240801,3,5,41883.31
20240801,4,1,56509.46
20240801,4,2,55064.99
20240801,4,3,26037.75
20240801,4,4,34252.12
20240801,4,5,33613.03
20240801,5,1,36910.59
20240801,5,2,59896.5
20240801,5,3,22819.81
20240801,5,4,49759.65
20240801,5,5,25243.07
20240901,1,1,48272.51
20240901,1,2,24122.05
20240901,1,3,38718.76
20240901,1,4,45049.86
20240901,1,5,34434.55
20240901,2,1,58477.34
20240901,2,2,46749.75
20240901,2,3,22079.79
20240901,2,4,31746.37
20240901,2,5,29129.32
20240901,3,1,28297.58
20240901,3,2,24528.86
20240901,3,3,23357.34
20240901,3,4,54157.22
20240901,3,5,59520.04
20240901,4,1,22201.32
20240901,4,2,50606.57
20240901,4,3,25239.66
20240901,4,4,38475.14
20240901,4,5,23871.15
20240901,5,1,27199.97
20240901,5,2,33481.23
20240901,5,3,46726.99
20240901,5,4,36331.43
20240901,5,5,51452.45
20241001,1,1,19346.66
20241001,1,2,40733.23
20241001,1,3,19801.77
20241001,1,4,20301.1
20241001,1,5,28900.66
20241001,2,1,19723.95
20241001,2,2,49895.64
20241001,2,3,37832.64
20241001,2,4,44005.01
20241001,2,5,17531.82
20241001,3,1,25116.27
20241001,3,2,38548.12
20241001,3,3,18690.49
20241001,3,4,22226.33
20241001,3,5,15984.67
20241001,4,1,56016.98
20241001,4,2,34405.75
20241001,4,3,17025.92
20241001,4,4,35722.13
20241001,4,5,54939.62
20241001,5,1,23547.71
20241001,5,2,25703.93
20241001,5,3,59200.5
20241001,5,4,53425.93
20241001,5,5,39683.74
20241101,1,1,23370.57
20241101,1,2,24878.62
20241101,1,3,53765.62
20241101,1,4,45399.07
20241101,1,5,30792.48
20241101,2,1,16168.55
20241101,2,2,21120.97
20241101,2,3,47815.32
20241101,2,4,44193.68
20241101,2,5,31145.19
20241101,3,1,41638.14
20241101,3,2,48980.32
20241101,3,3,43972.2
20241101,3,4,25777.98
20241101,3,5,57817.7
20241101,4,1,16063.28
20241101,4,2,40032.4
20241101,4,3,25048.94
20241101,4,4,46838.43
20241101,4,5,40281.24
20241101,5,1,23806.64
20241101,5,2,37764.96
20241101,5,3,38388.27
20241101,5,4,33913.57
20241101,5,5,16897.75
20241201,1,1,24304.98
20241201,1,2,58596.74
20241201,1,3,23482.06
20241201,1,4,35644.34
20241201,1,5,28231.82
20241201,2,1,49058.14
20241201,2,2,41013.98
20241201,2,3,47193.37
20241201,2,4,43663.95
20241201,2,5,37666.46
20241201,3,1,58228.02
20241201,3,2,46643.25
20241201,3,3,45997.16
20241201,3,4,46071.61
20241201,3,5,36005.67
20241201,4,1,43920.89
20241201,4,2,42202.67
20241201,4,3,54973.09
20241201,4,4,59048.28
20241201,4,5,36736.76
20241201,5,1,42037.1
20241201,5,2,28061.89
20241201,5,3,53044.5
20241201,5,4,46980.53
20241201,5,5,56579.35
20250101,1,1,42225.29
20250101,1,2,46889.28
20250101,1,3,19281.57
20250101,1,4,42302.79
20250101,1,5,31955.36
20250101,2,1,37864.14
20250101,2,2,29695.76
20250101,2,3,27926.16
20250101,2,4,51932.36
20250101,2,5,40092.97
20250101,3,1,26394.52
20250101,3,2,49502.13
20250101,3,3,18366.1
20250101,3,4,28191.79
20250101,3,5,30133.72
20250101,4,1,22991.41
20250101,4,2,52921.06
20250101,4,3,45325.44
20250101,4,4,45163.69
20250101,4,5,41671.83
20250101,5,1,32023.16
20250101,5,2,44655.54
20250101,5,3,48132.79
20250101,5,4,39231.65
20250101,5,5,36182.54
20250201,1,1,25058.6
20250201,1,2,18779.9
20250201,1,3,16858.59
20250201,1,4,47141.02
20250201,1,5,30689.12
20250201,2,1,46878.37
20250201,2,2,37855.78
20250201,2,3,35109.89
20250201,2,4,43301.72
20250201,2,5,23246.69
20250201,3,1,59084.93
20250201,3,2,29860.19
20250201,3,3,49613.34
20250201,3,4,26154.04
20250201,3,5,36056.89
20250201,4,1,37468.93
20250201,4,2,28799.63
20250201,4,3,30688.02
20250201,4,4,34587.95
20250201,4,5,52628.69
20250201,5,1,37502.27
20250201,5,2,18985.89
20250201,5,3,24750.46
20250201,5,4,59371.06
20250201,5,5,19044.25
20250301,1,1,44147.79
20250301,1,2,24502.08
20250301,1,3,34436.87
20250301,1,4,31065.89
20250301,1,5,58972.99
20250301,2,1,39807.25
20250301,2,2,26246.12
20250301,2,3,42160.91
20250301,2,4,18212.87
20250301,2,5,56699.14
20250301,3,1,30490.92
20250301,3,2,54751.67
20250301,3,3,51414.24
20250301,3,4,23405.49
20250301,3,5,58303.46
20250301,4,1,59625.47
20250301,4,2,51238.09
20250301,4,3,35317.22
20250301,4,4,45264.5
20250301,4,5,18629.34
20250301,5,1,56450.35
20250301,5,2,24979.1
20250301,5,3,47251.87
20250301,5,4,51068.92
20250301,5,5,58630.9
20250401,1,1,52071.38
20250401,1,2,51811.94
20250401,1,3,46742.26
20250401,1,4,40949.1
20250401,1,5,16884.75
20250401,2,1,58771.64
20250401,2,2,35203.69
20250401,2,3,50855.47
20250401,2,4,31977.84
20250401,2,5,35522.71
20250401,3,1,35805.76
20250401,3,2,59550.38
20250401,3,3,24510.67
20250401,3,4,37579.46
20250401,3,5,21961.07
20250401,4,1,37235.49
20250401,4,2,39568.43
20250401,4,3,21149.27
20250401,4,4,46421.48
20250401,4,5,52259.44
20250401,5,1,51721.24
20250401,5,2,47815.0
20250401,5,3,21339.78
20250401,5,4,42966.03
20250401,5,5,46426.08
20250501,1,1,49170.94
20250501,1,2,46923.06
20250501,1,3,43296.1
20250501,1,4,47748.42
20250501,1,5,53354.55
20250501,2,1,40619.35
20250501,2,2,21538.35
20250501,2,3,51718.06
20250501,2,4,44745.75
20250501,2,5,45897.5
20250501,3,1,28239.32
20250501,3,2,21734.69
20250501,3,3,50132.47
20250501,3,4,17223.9
20250501,3,5,33105.64
20250501,4,1,37898.77
20250501,4,2,15784.37
20250501,4,3,41865.29
20250501,4,4,20383.19
20250501,4,5,25865.17
20250501,5,1,59710.59
20250501,5,2,40212.26
20250501,5,3,58572.26
20250501,5,4,37168.55
20250501,5,5,51154.11
20250601,1,1,16709.55
20250601,1,2,28106.72
20250601,1,3,27745.08
20250601,1,4,18140.97
20250601,1,5,57844.58
20250601,2,1,37710.56
20250601,2,2,41683.72
20250601,2,3,38420.75
20250601,2,4,26185.38
20250601,2,5,56593.64
20250601,3,1,45104.72
20250601,3,2,20562.05
20250601,3,3,35780.51
20250601,3,4,15066.32
20250601,3,5,45363.44
20250601,4,1,38561.26
20250601,4,2,55688.87
20250601,4,3,57630.15
20250601,4,4,19417.97
20250601,4,5,19027.35
20250601,5,1,55459.09
20250601,5,2,38044.58
20250601,5,3,36135.5
20250601,5,4,40685.51
20250601,5,5,35988.07
20250701,1,1,42642.07
20250701,1,2,57708.12
20250701,1,3,42269.23
20250701,1,4,29433.08
20250701,1,5,24602.28
20250701,2,1,58475.21
20250701,2,2,41072.98
20250701,2,3,40500.05
20250701,2,4,16499.87
20250701,2,5,56327.42
20250701,3,1,36132.13
20250701,3,2,59988.75
20250701,3,3,22553.94
20250701,3,4,29679.23
20250701,3,5,24453.39
20250701,4,1,32051.93
20250701,4,2,58948.55
20250701,4,3,33665.01
20250701,4,4,52219.52
20250701,4,5,48987.07
20250701,5,1,28407.72
20250701,5,2,41095.68
20250701,5,3,53326.87
20250701,5,4,42509.8
20250701,5,5,26921.84
20250801,1,1,53842.67
20250801,1,2,40027.44
20250801,1,3,59100.4
20250801,1,4,44503.16
20250801,1,5,35198.4
20250801,2,1,34615.76
20250801,2,2,54604.75
20250801,2,3,59126.72
20250801,2,4,33465.89
20250801,2,5,22335.85
20250801,3,1,16789.95
20250801,3,2,29506.76
20250801,3,3,30389.05
20250801,3,4,34163.84
20250801,3,5,21526.16
20250801,4,1,37169.78
20250801,4,2,57451.43
20250801,4,3,25462.24
20250801,4,4,45814.05
20250801,4,5,16709.21
20250801,5,1,43971.44
20250801,5,2,57188.32
20250801,5,3,27705.5
20250801,5,4,51730.59
20250801,5,5,18710.2
20250901,1,1,31120.6
20250901,1,2,15301.59
20250901,1,3,30979.93
20250901,1,4,28942.8
20250901,1,5,46174.0
20250901,2,1,28252.97
20250901,2,2,52039.26
20250901,2,3,28115.55
20250901,2,4,25049.38
20250901,2,5,37253.7
20250901,3,1,44540.61
20250901,3,2,54992.73
20250901,3,3,51607.9
20250901,3,4,38602.68
20250901,3,5,59023.11
20250901,4,1,28343.24
20250901,4,2,59975.84
20250901,4,3,32333.32
20250901,4,4,26808.37
20250901,4,5,32225.9
20250901,5,1,41361.79
20250901,5,2,36327.09
20250901,5,3,17258.44
20250901,5,4,31020.31
20250901,5,5,37131.9
20251001,1,1,44848.21
20251001,1,2,57887.25
20251001,1,3,58015.67
20251001,1,4,38131.5
20251001,1,5,40609.1
20251001,2,1,46411.49
20251001,2,2,52589.71
20251001,2,3,48535.23
20251001,2,4,47423.02
20251001,2,5,35127.37
20251001,3,1,54102.74
20251001,3,2,44814.62
20251001,3,3,22163.92
20251001,3,4,41926.95
20251001,3,5,28975.16
20251001,4,1,24138.01
20251001,4,2,44198.22
20251001,4,3,43901.25
20251001,4,4,57962.28
20251001,4,5,58929.95
20251001,5,1,33395.46
20251001,5,2,23033.35
20251001,5,3,21320.62
20251001,5,4,58841.63
20251001,5,5,32814.93
20251101,1,1,30425.23
20251101,1,2,42951.59
20251101,1,3,17579.12
20251101,1,4,44104.08
20251101,1,5,54408.78
20251101,2,1,47592.12
20251101,2,2,33785.39
20251101,2,3,20226.38
20251101,2,4,25855.92
20251101,2,5,26944.12
20251101,3,1,32321.52
20251101,3,2,21000.61
20251101,3,3,40904.43
20251101,3,4,31484.01
20251101,3,5,37336.69
20251101,4,1,27831.14
20251101,4,2,35423.85
20251101,4,3,47069.24
20251101,4,4,18970.07
20251101,4,5,37954.24
20251101,5,1,42824.78
20251101,5,2,45045.42
20251101,5,3,56525.65
20251101,5,4,50150.47
20251101,5,5,48254.76
20251201,1,1,54059.99
20251201,1,2,56149.06
20251201,1,3,52770.71
20251201,1,4,42629.77
20251201,1,5,52939.38
20251201,2,1,29688.54
20251201,2,2,57838.96
20251201,2,3,22805.8
20251201,2,4,25314.67
20251201,2,5,22133.65
20251201,3,1,49965.61
20251201,3,2,34552.27
20251201,3,3,48211.37
20251201,3,4,37952.92
20251201,3,5,33147.4
20251201,4,1,55336.95
20251201,4,2,34446.5
20251201,4,3,42827.99
20251201,4,4,53636.91
20251201,4,5,24566.82
20251201,5,1,33122.58
20251201,5,2,21520.74
20251201,5,3,39420.98
20251201,5,4,50530.56
20251201,5,5,17476.45
20260101,1,1,17714.89
20260101,1,2,48353.63
20260101,1,3,46931.63
20260101,1,4,33098.76
20260101,1,5,31231.19
20260101,2,1,27691.5
20260101,2,2,17779.25
20260101,2,3,38109.72
20260101,2,4,42723.39
20260101,2,5,53941.38
20260101,3,1,39383.76
20260101,3,2,21838.04
20260101,3,3,28868.02
20260101,3,4,50326.07
20260101,3,5,42818.56
20260101,4,1,49700.02
20260101,4,2,33606.88
20260101,4,3,18038.28
20260101,4,4,55145.73
20260101,4,5,30714.76
20260101,5,1,18752.28
20260101,5,2,41409.96
20260101,5,3,48478.28
20260101,5,4,36510.17
20260101,5,5,42623.78
20260201,1,1,33776.62
20260201,1,2,51615.65
20260201,1,3,50267.22
20260201,1,4,47398.7
20260201,1,5,15894.54
20260201,2,1,38235.98
20260201,2,2,50340.58
20260201,2,3,26019.28
20260201,2,4,26664.05
20260201,2,5,55691.16
20260201,3,1,52877.21
20260201,3,2,59466.03
20260201,3,3,37383.97
20260201,3,4,20590.62
20260201,3,5,15371.4
20260201,4,1,46775.99
20260201,4,2,51750.26
20260201,4,3,34272.89
20260201,4,4,34160.86
20260201,4,5,52812.18
20260201,5,1,23372.17
20260201,5,2,17854.87
20260201,5,3,58456.26
20260201,5,4,39407.8
20260201,5,5,49756.91
20260301,1,1,57963.44
20260301,1,2,51468.9
20260301,1,3,36042.4
20260301,1,4,44165.36
20260301,1,5,43451.06
20260301,2,1,56648.83
20260301,2,2,21348.54
20260301,2,3,46307.11
20260301,2,4,53827.02
20260301,2,5,31158.7
20260301,3,1,46873.38
20260301,3,2,26243.08
20260301,3,3,18961.47
20260301,3,4,16143.25
20260301,3,5,38846.79
20260301,4,1,17325.06
20260301,4,2,41659.23
20260301,4,3,31898.6
20260301,4,4,15309.08
20260301,4,5,25191.45
20260301,5,1,48228.34
20260301,5,2,32045.82
20260301,5,3,47649.98
20260301,5,4,51673.79
20260301,5,5,50862.46
