RateDateKey,CurrencyKey,RateToUSD_EOD,RateToUSD_MonthAvg
20240401,1,1.0,1.02487
20240401,2,1.27,1.30158
20240401,3,1.08,1.10686
20240401,4,0.012,0.0123
20240401,5,0.272,0.27876
20240402,1,1.00178,1.02487
20240402,2,1.27226,1.30158
20240402,3,1.08192,1.10686
20240402,4,0.01202,0.0123
20240402,5,0.27248,0.27876
20240403,1,1.00355,1.02487
20240403,2,1.27451,1.30158
20240403,3,1.08384,1.10686
20240403,4,0.01204,0.0123
20240403,5,0.27297,0.27876
20240404,1,1.00533,1.02487
20240404,2,1.27677,1.30158
20240404,3,1.08576,1.10686
20240404,4,0.01206,0.0123
20240404,5,0.27345,0.27876
20240405,1,1.0071,1.02487
20240405,2,1.27902,1.30158
20240405,3,1.08767,1.10686
20240405,4,0.01209,0.0123
20240405,5,0.27393,0.27876
20240406,1,1.00887,1.02487
20240406,2,1.28127,1.30158
20240406,3,1.08958,1.10686
20240406,4,0.01211,0.0123
20240406,5,0.27441,0.27876
20240407,1,1.01064,1.02487
20240407,2,1.28351,1.30158
20240407,3,1.09149,1.10686
20240407,4,0.01213,0.0123
20240407,5,0.27489,0.27876
20240408,1,1.01239,1.02487
20240408,2,1.28574,1.30158
20240408,3,1.09339,1.10686
20240408,4,0.01215,0.0123
20240408,5,0.27537,0.27876
20240409,1,1.01415,1.02487
20240409,2,1.28797,1.30158
20240409,3,1.09528,1.10686
20240409,4,0.01217,0.0123
20240409,5,0.27585,0.27876
20240410,1,1.01589,1.02487
20240410,2,1.29018,1.30158
20240410,3,1.09717,1.10686
20240410,4,0.01219,0.0123
20240410,5,0.27632,0.27876
20240411,1,1.01763,1.02487
20240411,2,1.29239,1.30158
20240411,3,1.09904,1.10686
20240411,4,0.01221,0.0123
20240411,5,0.2768,0.27876
20240412,1,1.01936,1.02487
20240412,2,1.29459,1.30158
20240412,3,1.10091,1.10686
20240412,4,0.01223,0.0123
20240412,5,0.27727,0.27876
20240413,1,1.02108,1.02487
20240413,2,1.29677,1.30158
20240413,3,1.10277,1.10686
20240413,4,0.01225,0.0123
20240413,5,0.27773,0.27876
20240414,1,1.02279,1.02487
20240414,2,1.29894,1.30158
20240414,3,1.10461,1.10686
20240414,4,0.01227,0.0123
20240414,5,0.2782,0.27876
20240415,1,1.02449,1.02487
20240415,2,1.3011,1.30158
20240415,3,1.10645,1.10686
20240415,4,0.01229,0.0123
20240415,5,0.27866,0.27876
20240416,1,1.02618,1.02487
20240416,2,1.30324,1.30158
20240416,3,1.10827,1.10686
20240416,4,0.01231,0.0123
20240416,5,0.27912,0.27876
20240417,1,1.02785,1.02487
20240417,2,1.30537,1.30158
20240417,3,1.11008,1.10686
20240417,4,0.01233,0.0123
20240417,5,0.27957,0.27876
20240418,1,1.02951,1.02487
20240418,2,1.30748,1.30158
20240418,3,1.11187,1.10686
20240418,4,0.01235,0.0123
20240418,5,0.28003,0.27876
20240419,1,1.03115,1.02487
20240419,2,1.30956,1.30158
20240419,3,1.11365,1.10686
20240419,4,0.01237,0.0123
20240419,5,0.28047,0.27876
20240420,1,1.03278,1.02487
20240420,2,1.31163,1.30158
20240420,3,1.11541,1.10686
20240420,4,0.01239,0.0123
20240420,5,0.28092,0.27876
20240421,1,1.0344,1.02487
20240421,2,1.31368,1.30158
20240421,3,1.11715,1.10686
20240421,4,0.01241,0.0123
20240421,5,0.28136,0.27876
20240422,1,1.03599,1.02487
20240422,2,1.31571,1.30158
20240422,3,1.11887,1.10686
20240422,4,0.01243,0.0123
20240422,5,0.28179,0.27876
20240423,1,1.03757,1.02487
20240423,2,1.31772,1.30158
20240423,3,1.12058,1.10686
20240423,4,0.01245,0.0123
20240423,5,0.28222,0.27876
20240424,1,1.03913,1.02487
20240424,2,1.3197,1.30158
20240424,3,1.12226,1.10686
20240424,4,0.01247,0.0123
20240424,5,0.28264,0.27876
20240425,1,1.04067,1.02487
20240425,2,1.32165,1.30158
20240425,3,1.12393,1.10686
20240425,4,0.01249,0.0123
20240425,5,0.28306,0.27876
20240426,1,1.04219,1.02487
20240426,2,1.32359,1.30158
20240426,3,1.12557,1.10686
20240426,4,0.01251,0.0123
20240426,5,0.28348,0.27876
20240427,1,1.04369,1.02487
20240427,2,1.32549,1.30158
20240427,3,1.12719,1.10686
20240427,4,0.01252,0.0123
20240427,5,0.28388,0.27876
20240428,1,1.04517,1.02487
20240428,2,1.32737,1.30158
20240428,3,1.12879,1.10686
20240428,4,0.01254,0.0123
20240428,5,0.28429,0.27876
20240429,1,1.04663,1.02487
20240429,2,1.32922,1.30158
20240429,3,1.13036,1.10686
20240429,4,0.01256,0.0123
20240429,5,0.28468,0.27876
20240430,1,1.04806,1.02487
20240430,2,1.33104,1.30158
20240430,3,1.13191,1.10686
20240430,4,0.01258,0.0123
20240430,5,0.28507,0.27876
20240501,1,1.04947,1.066
20240501,2,1.33283,1.35382
20240501,3,1.13343,1.15127
20240501,4,0.01259,0.01279
20240501,5,0.28546,0.28995
20240502,1,1.05085,1.066
20240502,2,1.33459,1.35382
20240502,3,1.13492,1.15127
20240502,4,0.01261,0.01279
20240502,5,0.28583,0.28995
20240503,1,1.05221,1.066
20240503,2,1.33631,1.35382
20240503,3,1.13639,1.15127
20240503,4,0.01263,0.01279
20240503,5,0.2862,0.28995
20240504,1,1.05355,1.066
20240504,2,1.33801,1.35382
20240504,3,1.13783,1.15127
20240504,4,0.01264,0.01279
20240504,5,0.28657,0.28995
20240505,1,1.05486,1.066
20240505,2,1.33967,1.35382
20240505,3,1.13924,1.15127
20240505,4,0.01266,0.01279
20240505,5,0.28692,0.28995
20240506,1,1.05614,1.066
20240506,2,1.34129,1.35382
20240506,3,1.14063,1.15127
20240506,4,0.01267,0.01279
20240506,5,0.28727,0.28995
20240507,1,1.05739,1.066
20240507,2,1.34288,1.35382
20240507,3,1.14198,1.15127
20240507,4,0.01269,0.01279
20240507,5,0.28761,0.28995
20240508,1,1.05861,1.066
20240508,2,1.34444,1.35382
20240508,3,1.1433,1.15127
20240508,4,0.0127,0.01279
20240508,5,0.28794,0.28995
20240509,1,1.05981,1.066
20240509,2,1.34596,1.35382
20240509,3,1.14459,1.15127
20240509,4,0.01272,0.01279
20240509,5,0.28827,0.28995
20240510,1,1.06097,1.066
20240510,2,1.34744,1.35382
20240510,3,1.14585,1.15127
20240510,4,0.01273,0.01279
20240510,5,0.28858,0.28995
20240511,1,1.06211,1.066
20240511,2,1.34888,1.35382
20240511,3,1.14708,1.15127
20240511,4,0.01275,0.01279
20240511,5,0.28889,0.28995
20240512,1,1.06321,1.066
20240512,2,1.35028,1.35382
20240512,3,1.14827,1.15127
20240512,4,0.01276,0.01279
20240512,5,0.28919,0.28995
20240513,1,1.06429,1.066
20240513,2,1.35165,1.35382
20240513,3,1.14943,1.15127
20240513,4,0.01277,0.01279
20240513,5,0.28949,0.28995
20240514,1,1.06533,1.066
20240514,2,1.35297,1.35382
20240514,3,1.15056,1.15127
20240514,4,0.01278,0.01279
20240514,5,0.28977,0.28995
20240515,1,1.06634,1.066
20240515,2,1.35425,1.35382
20240515,3,1.15165,1.15127
20240515,4,0.0128,0.01279
20240515,5,0.29004,0.28995
20240516,1,1.06732,1.066
20240516,2,1.35549,1.35382
20240516,3,1.1527,1.15127
20240516,4,0.01281,0.01279
20240516,5,0.29031,0.28995
20240517,1,1.06826,1.066
20240517,2,1.35669,1.35382
20240517,3,1.15372,1.15127
20240517,4,0.01282,0.01279
20240517,5,0.29057,0.28995
20240518,1,1.06917,1.066
20240518,2,1.35785,1.35382
20240518,3,1.15471,1.15127
20240518,4,0.01283,0.01279
20240518,5,0.29081,0.28995
20240519,1,1.07005,1.066
20240519,2,1.35896,1.35382
20240519,3,1.15565,1.15127
20240519,4,0.01284,0.01279
20240519,5,0.29105,0.28995
20240520,1,1.07089,1.066
20240520,2,1.36003,1.35382
20240520,3,1.15656,1.15127
20240520,4,0.01285,0.01279
20240520,5,0.29128,0.28995
20240521,1,1.0717,1.066
20240521,2,1.36105,1.35382
20240521,3,1.15743,1.15127
20240521,4,0.01286,0.01279
20240521,5,0.2915,0.28995
20240522,1,1.07247,1.066
20240522,2,1.36203,1.35382
20240522,3,1.15826,1.15127
20240522,4,0.01287,0.01279
20240522,5,0.29171,0.28995
20240523,1,1.0732,1.066
20240523,2,1.36297,1.35382
20240523,3,1.15906,1.15127
20240523,4,0.01288,0.01279
20240523,5,0.29191,0.28995
20240524,1,1.0739,1.066
20240524,2,1.36385,1.35382
20240524,3,1.15981,1.15127
20240524,4,0.01289,0.01279
20240524,5,0.2921,0.28995
20240525,1,1.07456,1.066
20240525,2,1.3647,1.35382
20240525,3,1.16053,1.15127
20240525,4,0.01289,0.01279
20240525,5,0.29228,0.28995
20240526,1,1.07519,1.066
20240526,2,1.36549,1.35382
20240526,3,1.1612,1.15127
20240526,4,0.0129,0.01279
20240526,5,0.29245,0.28995
20240527,1,1.07578,1.066
20240527,2,1.36624,1.35382
20240527,3,1.16184,1.15127
20240527,4,0.01291,0.01279
20240527,5,0.29261,0.28995
20240528,1,1.07633,1.066
20240528,2,1.36694,1.35382
20240528,3,1.16243,1.15127
20240528,4,0.01292,0.01279
20240528,5,0.29276,0.28995
20240529,1,1.07684,1.066
20240529,2,1.36759,1.35382
20240529,3,1.16299,1.15127
20240529,4,0.01292,0.01279
20240529,5,0.2929,0.28995
20240530,1,1.07732,1.066
20240530,2,1.36819,1.35382
20240530,3,1.1635,1.15127
20240530,4,0.01293,0.01279
20240530,5,0.29303,0.28995
20240531,1,1.07776,1.066
20240531,2,1.36875,1.35382
20240531,3,1.16398,1.15127
20240531,4,0.01293,0.01279
20240531,5,0.29315,0.28995
20240601,1,1.07815,1.07808
20240601,2,1.36926,1.36916
20240601,3,1.16441,1.16433
20240601,4,0.01294,0.01294
20240601,5,0.29326,0.29324
20240602,1,1.07851,1.07808
20240602,2,1.36971,1.36916
20240602,3,1.1648,1.16433
20240602,4,0.01294,0.01294
20240602,5,0.29336,0.29324
20240603,1,1.07884,1.07808
20240603,2,1.37012,1.36916
20240603,3,1.16514,1.16433
20240603,4,0.01295,0.01294
20240603,5,0.29344,0.29324
20240604,1,1.07912,1.07808
20240604,2,1.37048,1.36916
20240604,3,1.16545,1.16433
20240604,4,0.01295,0.01294
20240604,5,0.29352,0.29324
20240605,1,1.07936,1.07808
20240605,2,1.37079,1.36916
20240605,3,1.16571,1.16433
20240605,4,0.01295,0.01294
20240605,5,0.29359,0.29324
20240606,1,1.07957,1.07808
20240606,2,1.37105,1.36916
20240606,3,1.16593,1.16433
20240606,4,0.01295,0.01294
20240606,5,0.29364,0.29324
20240607,1,1.07973,1.07808
20240607,2,1.37126,1.36916
20240607,3,1.16611,1.16433
20240607,4,0.01296,0.01294
20240607,5,0.29369,0.29324
20240608,1,1.07986,1.07808
20240608,2,1.37142,1.36916
20240608,3,1.16625,1.16433
20240608,4,0.01296,0.01294
20240608,5,0.29372,0.29324
20240609,1,1.07994,1.07808
20240609,2,1.37153,1.36916
20240609,3,1.16634,1.16433
20240609,4,0.01296,0.01294
20240609,5,0.29374,0.29324
20240610,1,1.07999,1.07808
20240610,2,1.37159,1.36916
20240610,3,1.16639,1.16433
20240610,4,0.01296,0.01294
20240610,5,0.29376,0.29324
20240611,1,1.08,1.07808
20240611,2,1.3716,1.36916
20240611,3,1.1664,1.16433
20240611,4,0.01296,0.01294
20240611,5,0.29376,0.29324
20240612,1,1.07997,1.07808
20240612,2,1.37156,1.36916
20240612,3,1.16636,1.16433
20240612,4,0.01296,0.01294
20240612,5,0.29375,0.29324
20240613,1,1.07989,1.07808
20240613,2,1.37147,1.36916
20240613,3,1.16629,1.16433
20240613,4,0.01296,0.01294
20240613,5,0.29373,0.29324
20240614,1,1.07978,1.07808
20240614,2,1.37132,1.36916
20240614,3,1.16617,1.16433
20240614,4,0.01296,0.01294
20240614,5,0.2937,0.29324
20240615,1,1.07963,1.07808
20240615,2,1.37113,1.36916
20240615,3,1.166,1.16433
20240615,4,0.01296,0.01294
20240615,5,0.29366,0.29324
20240616,1,1.07944,1.07808
20240616,2,1.37089,1.36916
20240616,3,1.1658,1.16433
20240616,4,0.01295,0.01294
20240616,5,0.29361,0.29324
20240617,1,1.07921,1.07808
20240617,2,1.3706,1.36916
20240617,3,1.16555,1.16433
20240617,4,0.01295,0.01294
20240617,5,0.29355,0.29324
20240618,1,1.07895,1.07808
20240618,2,1.37026,1.36916
20240618,3,1.16526,1.16433
20240618,4,0.01295,0.01294
20240618,5,0.29347,0.29324
20240619,1,1.07864,1.07808
20240619,2,1.36987,1.36916
20240619,3,1.16493,1.16433
20240619,4,0.01294,0.01294
20240619,5,0.29339,0.29324
20240620,1,1.07829,1.07808
20240620,2,1.36943,1.36916
20240620,3,1.16456,1.16433
20240620,4,0.01294,0.01294
20240620,5,0.2933,0.29324
20240621,1,1.07791,1.07808
20240621,2,1.36894,1.36916
20240621,3,1.16414,1.16433
20240621,4,0.01293,0.01294
20240621,5,0.29319,0.29324
20240622,1,1.07748,1.07808
20240622,2,1.36841,1.36916
20240622,3,1.16368,1.16433
20240622,4,0.01293,0.01294
20240622,5,0.29308,0.29324
20240623,1,1.07702,1.07808
20240623,2,1.36782,1.36916
20240623,3,1.16319,1.16433
20240623,4,0.01292,0.01294
20240623,5,0.29295,0.29324
20240624,1,1.07652,1.07808
20240624,2,1.36719,1.36916
20240624,3,1.16265,1.16433
20240624,4,0.01292,0.01294
20240624,5,0.29281,0.29324
20240625,1,1.07599,1.07808
20240625,2,1.3665,1.36916
20240625,3,1.16207,1.16433
20240625,4,0.01291,0.01294
20240625,5,0.29267,0.29324
20240626,1,1.07541,1.07808
20240626,2,1.36577,1.36916
20240626,3,1.16144,1.16433
20240626,4,0.0129,0.01294
20240626,5,0.29251,0.29324
20240627,1,1.0748,1.07808
20240627,2,1.365,1.36916
20240627,3,1.16078,1.16433
20240627,4,0.0129,0.01294
20240627,5,0.29235,0.29324
20240628,1,1.07415,1.07808
20240628,2,1.36417,1.36916
20240628,3,1.16008,1.16433
20240628,4,0.01289,0.01294
20240628,5,0.29217,0.29324
20240629,1,1.07347,1.07808
20240629,2,1.3633,1.36916
20240629,3,1.15934,1.16433
20240629,4,0.01288,0.01294
20240629,5,0.29198,0.29324
20240630,1,1.07274,1.07808
20240630,2,1.36238,1.36916
20240630,3,1.15856,1.16433
20240630,4,0.01287,0.01294
20240630,5,0.29179,0.29324
20240701,1,1.07199,1.05549
20240701,2,1.36142,1.34048
20240701,3,1.15774,1.13993
20240701,4,0.01286,0.01267
20240701,5,0.29158,0.28709
20240702,1,1.07119,1.05549
20240702,2,1.36041,1.34048
20240702,3,1.15689,1.13993
20240702,4,0.01285,0.01267
20240702,5,0.29136,0.28709
20240703,1,1.07036,1.05549
20240703,2,1.35936,1.34048
20240703,3,1.15599,1.13993
20240703,4,0.01284,0.01267
20240703,5,0.29114,0.28709
20240704,1,1.0695,1.05549
20240704,2,1.35827,1.34048
20240704,3,1.15506,1.13993
20240704,4,0.01283,0.01267
20240704,5,0.2909,0.28709
20240705,1,1.0686,1.05549
20240705,2,1.35713,1.34048
20240705,3,1.15409,1.13993
20240705,4,0.01282,0.01267
20240705,5,0.29066,0.28709
20240706,1,1.06767,1.05549
20240706,2,1.35594,1.34048
20240706,3,1.15309,1.13993
20240706,4,0.01281,0.01267
20240706,5,0.29041,0.28709
20240707,1,1.06671,1.05549
20240707,2,1.35472,1.34048
20240707,3,1.15204,1.13993
20240707,4,0.0128,0.01267
20240707,5,0.29014,0.28709
20240708,1,1.06571,1.05549
20240708,2,1.35345,1.34048
20240708,3,1.15097,1.13993
20240708,4,0.01279,0.01267
20240708,5,0.28987,0.28709
20240709,1,1.06468,1.05549
20240709,2,1.35214,1.34048
20240709,3,1.14985,1.13993
20240709,4,0.01278,0.01267
20240709,5,0.28959,0.28709
20240710,1,1.06362,1.05549
20240710,2,1.35079,1.34048
20240710,3,1.14871,1.13993
20240710,4,0.01276,0.01267
20240710,5,0.2893,0.28709
20240711,1,1.06252,1.05549
20240711,2,1.34941,1.34048
20240711,3,1.14753,1.13993
20240711,4,0.01275,0.01267
20240711,5,0.28901,0.28709
20240712,1,1.0614,1.05549
20240712,2,1.34798,1.34048
20240712,3,1.14631,1.13993
20240712,4,0.01274,0.01267
20240712,5,0.2887,0.28709
20240713,1,1.06024,1.05549
20240713,2,1.34651,1.34048
20240713,3,1.14506,1.13993
20240713,4,0.01272,0.01267
20240713,5,0.28839,0.28709
20240714,1,1.05906,1.05549
20240714,2,1.34501,1.34048
20240714,3,1.14379,1.13993
20240714,4,0.01271,0.01267
20240714,5,0.28806,0.28709
20240715,1,1.05785,1.05549
20240715,2,1.34347,1.34048
20240715,3,1.14247,1.13993
20240715,4,0.01269,0.01267
20240715,5,0.28773,0.28709
20240716,1,1.0566,1.05549
20240716,2,1.34189,1.34048
20240716,3,1.14113,1.13993
20240716,4,0.01268,0.01267
20240716,5,0.2874,0.28709
20240717,1,1.05533,1.05549
20240717,2,1.34027,1.34048
20240717,3,1.13976,1.13993
20240717,4,0.01266,0.01267
20240717,5,0.28705,0.28709
20240718,1,1.05404,1.05549
20240718,2,1.33863,1.34048
20240718,3,1.13836,1.13993
20240718,4,0.01265,0.01267
20240718,5,0.2867,0.28709
20240719,1,1.05271,1.05549
20240719,2,1.33695,1.34048
20240719,3,1.13693,1.13993
20240719,4,0.01263,0.01267
20240719,5,0.28634,0.28709
20240720,1,1.05136,1.05549
20240720,2,1.33523,1.34048
20240720,3,1.13547,1.13993
20240720,4,0.01262,0.01267
20240720,5,0.28597,0.28709
20240721,1,1.04999,1.05549
20240721,2,1.33348,1.34048
20240721,3,1.13399,1.13993
20240721,4,0.0126,0.01267
20240721,5,0.2856,0.28709
20240722,1,1.04859,1.05549
20240722,2,1.33171,1.34048
20240722,3,1.13247,1.13993
20240722,4,0.01258,0.01267
20240722,5,0.28522,0.28709
20240723,1,1.04716,1.05549
20240723,2,1.3299,1.34048
20240723,3,1.13094,1.13993
20240723,4,0.01257,0.01267
20240723,5,0.28483,0.28709
20240724,1,1.04572,1.05549
20240724,2,1.32806,1.34048
20240724,3,1.12937,1.13993
20240724,4,0.01255,0.01267
20240724,5,0.28443,0.28709
20240725,1,1.04425,1.05549
20240725,2,1.32619,1.34048
20240725,3,1.12778,1.13993
20240725,4,0.01253,0.01267
20240725,5,0.28403,0.28709
20240726,1,1.04275,1.05549
20240726,2,1.3243,1.34048
20240726,3,1.12617,1.13993
20240726,4,0.01251,0.01267
20240726,5,0.28363,0.28709
20240727,1,1.04124,1.05549
20240727,2,1.32237,1.34048
20240727,3,1.12454,1.13993
20240727,4,0.01249,0.01267
20240727,5,0.28322,0.28709
20240728,1,1.03971,1.05549
20240728,2,1.32043,1.34048
20240728,3,1.12288,1.13993
20240728,4,0.01248,0.01267
20240728,5,0.2828,0.28709
20240729,1,1.03815,1.05549
20240729,2,1.31846,1.34048
20240729,3,1.12121,1.13993
20240729,4,0.01246,0.01267
20240729,5,0.28238,0.28709
20240730,1,1.03658,1.05549
20240730,2,1.31646,1.34048
20240730,3,1.11951,1.13993
20240730,4,0.01244,0.01267
20240730,5,0.28195,0.28709
20240731,1,1.03499,1.05549
20240731,2,1.31444,1.34048
20240731,3,1.11779,1.13993
20240731,4,0.01242,0.01267
20240731,5,0.28152,0.28709
20240801,1,1.03338,1.00761
20240801,2,1.3124,1.27966
20240801,3,1.11606,1.08821
20240801,4,0.0124,0.01209
20240801,5,0.28108,0.27407
20240802,1,1.03176,1.00761
20240802,2,1.31034,1.27966
20240802,3,1.1143,1.08821
20240802,4,0.01238,0.01209
20240802,5,0.28064,0.27407
20240803,1,1.03012,1.00761
20240803,2,1.30825,1.27966
20240803,3,1.11253,1.08821
20240803,4,0.01236,0.01209
20240803,5,0.28019,0.27407
20240804,1,1.02847,1.00761
20240804,2,1.30615,1.27966
20240804,3,1.11074,1.08821
20240804,4,0.01234,0.01209
20240804,5,0.27974,0.27407
20240805,1,1.0268,1.00761
20240805,2,1.30403,1.27966
20240805,3,1.10894,1.08821
20240805,4,0.01232,0.01209
20240805,5,0.27929,0.27407
20240806,1,1.02512,1.00761
20240806,2,1.3019,1.27966
20240806,3,1.10713,1.08821
20240806,4,0.0123,0.01209
20240806,5,0.27883,0.27407
20240807,1,1.02342,1.00761
20240807,2,1.29975,1.27966
20240807,3,1.1053,1.08821
20240807,4,0.01228,0.01209
20240807,5,0.27837,0.27407
20240808,1,1.02172,1.00761
20240808,2,1.29758,1.27966
20240808,3,1.10346,1.08821
20240808,4,0.01226,0.01209
20240808,5,0.27791,0.27407
20240809,1,1.02,1.00761
20240809,2,1.2954,1.27966
20240809,3,1.1016,1.08821
20240809,4,0.01224,0.01209
20240809,5,0.27744,0.27407
20240810,1,1.01828,1.00761
20240810,2,1.29321,1.27966
20240810,3,1.09974,1.08821
20240810,4,0.01222,0.01209
20240810,5,0.27697,0.27407
20240811,1,1.01654,1.00761
20240811,2,1.29101,1.27966
20240811,3,1.09786,1.08821
20240811,4,0.0122,0.01209
20240811,5,0.2765,0.27407
20240812,1,1.0148,1.00761
20240812,2,1.28879,1.27966
20240812,3,1.09598,1.08821
20240812,4,0.01218,0.01209
20240812,5,0.27602,0.27407
20240813,1,1.01305,1.00761
20240813,2,1.28657,1.27966
20240813,3,1.09409,1.08821
20240813,4,0.01216,0.01209
20240813,5,0.27555,0.27407
20240814,1,1.01129,1.00761
20240814,2,1.28434,1.27966
20240814,3,1.09219,1.08821
20240814,4,0.01214,0.01209
20240814,5,0.27507,0.27407
20240815,1,1.00953,1.00761
20240815,2,1.2821,1.27966
20240815,3,1.09029,1.08821
20240815,4,0.01211,0.01209
20240815,5,0.27459,0.27407
20240816,1,1.00776,1.00761
20240816,2,1.27985,1.27966
20240816,3,1.08838,1.08821
20240816,4,0.01209,0.01209
20240816,5,0.27411,0.27407
20240817,1,1.00599,1.00761
20240817,2,1.27761,1.27966
20240817,3,1.08647,1.08821
20240817,4,0.01207,0.01209
20240817,5,0.27363,0.27407
20240818,1,1.00421,1.00761
20240818,2,1.27535,1.27966
20240818,3,1.08455,1.08821
20240818,4,0.01205,0.01209
20240818,5,0.27315,0.27407
20240819,1,1.00244,1.00761
20240819,2,1.2731,1.27966
20240819,3,1.08263,1.08821
20240819,4,0.01203,0.01209
20240819,5,0.27266,0.27407
20240820,1,1.00066,1.00761
20240820,2,1.27084,1.27966
20240820,3,1.08071,1.08821
20240820,4,0.01201,0.01209
20240820,5,0.27218,0.27407
20240821,1,0.99888,1.00761
20240821,2,1.26858,1.27966
20240821,3,1.07879,1.08821
20240821,4,0.01199,0.01209
20240821,5,0.2717,0.27407
20240822,1,0.99711,1.00761
20240822,2,1.26632,1.27966
20240822,3,1.07687,1.08821
20240822,4,0.01197,0.01209
20240822,5,0.27121,0.27407
20240823,1,0.99533,1.00761
20240823,2,1.26407,1.27966
20240823,3,1.07496,1.08821
20240823,4,0.01194,0.01209
20240823,5,0.27073,0.27407
20240824,1,0.99356,1.00761
20240824,2,1.26182,1.27966
20240824,3,1.07304,1.08821
20240824,4,0.01192,0.01209
20240824,5,0.27025,0.27407
20240825,1,0.99179,1.00761
20240825,2,1.25957,1.27966
20240825,3,1.07113,1.08821
20240825,4,0.0119,0.01209
20240825,5,0.26977,0.27407
20240826,1,0.99002,1.00761
20240826,2,1.25733,1.27966
20240826,3,1.06922,1.08821
20240826,4,0.01188,0.01209
20240826,5,0.26929,0.27407
20240827,1,0.98826,1.00761
20240827,2,1.25509,1.27966
20240827,3,1.06732,1.08821
20240827,4,0.01186,0.01209
20240827,5,0.26881,0.27407
20240828,1,0.9865,1.00761
20240828,2,1.25286,1.27966
20240828,3,1.06542,1.08821
20240828,4,0.01184,0.01209
20240828,5,0.26833,0.27407
20240829,1,0.98475,1.00761
20240829,2,1.25064,1.27966
20240829,3,1.06353,1.08821
20240829,4,0.01182,0.01209
20240829,5,0.26785,0.27407
20240830,1,0.98301,1.00761
20240830,2,1.24843,1.27966
20240830,3,1.06165,1.08821
20240830,4,0.0118,0.01209
20240830,5,0.26738,0.27407
20240831,1,0.98128,1.00761
20240831,2,1.24623,1.27966
20240831,3,1.05978,1.08821
20240831,4,0.01178,0.01209
20240831,5,0.26691,0.27407
20240901,1,0.97956,0.95692
20240901,2,1.24404,1.21529
20240901,3,1.05792,1.03348
20240901,4,0.01175,0.01148
20240901,5,0.26644,0.26028
20240902,1,0.97784,0.95692
20240902,2,1.24186,1.21529
20240902,3,1.05607,1.03348
20240902,4,0.01173,0.01148
20240902,5,0.26597,0.26028
20240903,1,0.97614,0.95692
20240903,2,1.2397,1.21529
20240903,3,1.05423,1.03348
20240903,4,0.01171,0.01148
20240903,5,0.26551,0.26028
20240904,1,0.97445,0.95692
20240904,2,1.23755,1.21529
20240904,3,1.05241,1.03348
20240904,4,0.01169,0.01148
20240904,5,0.26505,0.26028
20240905,1,0.97277,0.95692
20240905,2,1.23542,1.21529
20240905,3,1.05059,1.03348
20240905,4,0.01167,0.01148
20240905,5,0.26459,0.26028
20240906,1,0.97111,0.95692
20240906,2,1.23331,1.21529
20240906,3,1.0488,1.03348
20240906,4,0.01165,0.01148
20240906,5,0.26414,0.26028
20240907,1,0.96946,0.95692
20240907,2,1.23121,1.21529
20240907,3,1.04701,1.03348
20240907,4,0.01163,0.01148
20240907,5,0.26369,0.26028
20240908,1,0.96782,0.95692
20240908,2,1.22913,1.21529
20240908,3,1.04525,1.03348
20240908,4,0.01161,0.01148
20240908,5,0.26325,0.26028
20240909,1,0.9662,0.95692
20240909,2,1.22708,1.21529
20240909,3,1.0435,1.03348
20240909,4,0.01159,0.01148
20240909,5,0.26281,0.26028
20240910,1,0.9646,0.95692
20240910,2,1.22504,1.21529
20240910,3,1.04177,1.03348
20240910,4,0.01158,0.01148
20240910,5,0.26237,0.26028
20240911,1,0.96301,0.95692
20240911,2,1.22303,1.21529
20240911,3,1.04005,1.03348
20240911,4,0.01156,0.01148
20240911,5,0.26194,0.26028
20240912,1,0.96145,0.95692
20240912,2,1.22104,1.21529
20240912,3,1.03836,1.03348
20240912,4,0.01154,0.01148
20240912,5,0.26151,0.26028
20240913,1,0.9599,0.95692
20240913,2,1.21907,1.21529
20240913,3,1.03669,1.03348
20240913,4,0.01152,0.01148
20240913,5,0.26109,0.26028
20240914,1,0.95837,0.95692
20240914,2,1.21713,1.21529
20240914,3,1.03504,1.03348
20240914,4,0.0115,0.01148
20240914,5,0.26068,0.26028
20240915,1,0.95686,0.95692
20240915,2,1.21521,1.21529
20240915,3,1.03341,1.03348
20240915,4,0.01148,0.01148
20240915,5,0.26027,0.26028
20240916,1,0.95538,0.95692
20240916,2,1.21333,1.21529
20240916,3,1.03181,1.03348
20240916,4,0.01146,0.01148
20240916,5,0.25986,0.26028
20240917,1,0.95391,0.95692
20240917,2,1.21147,1.21529
20240917,3,1.03022,1.03348
20240917,4,0.01145,0.01148
20240917,5,0.25946,0.26028
20240918,1,0.95247,0.95692
20240918,2,1.20964,1.21529
20240918,3,1.02867,1.03348
20240918,4,0.01143,0.01148
20240918,5,0.25907,0.26028
20240919,1,0.95105,0.95692
20240919,2,1.20784,1.21529
20240919,3,1.02714,1.03348
20240919,4,0.01141,0.01148
20240919,5,0.25869,0.26028
20240920,1,0.94966,0.95692
20240920,2,1.20606,1.21529
20240920,3,1.02563,1.03348
20240920,4,0.0114,0.01148
20240920,5,0.25831,0.26028
20240921,1,0.94829,0.95692
20240921,2,1.20433,1.21529
20240921,3,1.02415,1.03348
20240921,4,0.01138,0.01148
20240921,5,0.25793,0.26028
20240922,1,0.94694,0.95692
20240922,2,1.20262,1.21529
20240922,3,1.0227,1.03348
20240922,4,0.01136,0.01148
20240922,5,0.25757,0.26028
20240923,1,0.94563,0.95692
20240923,2,1.20095,1.21529
20240923,3,1.02128,1.03348
20240923,4,0.01135,0.01148
20240923,5,0.25721,0.26028
20240924,1,0.94434,0.95692
20240924,2,1.19931,1.21529
20240924,3,1.01988,1.03348
20240924,4,0.01133,0.01148
20240924,5,0.25686,0.26028
20240925,1,0.94307,0.95692
20240925,2,1.1977,1.21529
20240925,3,1.01852,1.03348
20240925,4,0.01132,0.01148
20240925,5,0.25652,0.26028
20240926,1,0.94184,0.95692
20240926,2,1.19614,1.21529
20240926,3,1.01719,1.03348
20240926,4,0.0113,0.01148
20240926,5,0.25618,0.26028
20240927,1,0.94063,0.95692
20240927,2,1.1946,1.21529
20240927,3,1.01588,1.03348
20240927,4,0.01129,0.01148
20240927,5,0.25585,0.26028
20240928,1,0.93946,0.95692
20240928,2,1.19311,1.21529
20240928,3,1.01461,1.03348
20240928,4,0.01127,0.01148
20240928,5,0.25553,0.26028
20240929,1,0.93831,0.95692
20240929,2,1.19165,1.21529
20240929,3,1.01337,1.03348
20240929,4,0.01126,0.01148
20240929,5,0.25522,0.26028
20240930,1,0.93719,0.95692
20240930,2,1.19023,1.21529
20240930,3,1.01217,1.03348
20240930,4,0.01125,0.01148
20240930,5,0.25492,0.26028
20241001,1,0.93611,0.92537
20241001,2,1.18886,1.17522
20241001,3,1.011,0.9994
20241001,4,0.01123,0.0111
20241001,5,0.25462,0.2517
20241002,1,0.93505,0.92537
20241002,2,1.18752,1.17522
20241002,3,1.00986,0.9994
20241002,4,0.01122,0.0111
20241002,5,0.25433,0.2517
20241003,1,0.93403,0.92537
20241003,2,1.18622,1.17522
20241003,3,1.00875,0.9994
20241003,4,0.01121,0.0111
20241003,5,0.25406,0.2517
20241004,1,0.93304,0.92537
20241004,2,1.18496,1.17522
20241004,3,1.00768,0.9994
20241004,4,0.0112,0.0111
20241004,5,0.25379,0.2517
20241005,1,0.93209,0.92537
20241005,2,1.18375,1.17522
20241005,3,1.00665,0.9994
20241005,4,0.01119,0.0111
20241005,5,0.25353,0.2517
20241006,1,0.93116,0.92537
20241006,2,1.18258,1.17522
20241006,3,1.00566,0.9994
20241006,4,0.01117,0.0111
20241006,5,0.25328,0.2517
20241007,1,0.93027,0.92537
20241007,2,1.18145,1.17522
20241007,3,1.0047,0.9994
20241007,4,0.01116,0.0111
20241007,5,0.25303,0.2517
20241008,1,0.92942,0.92537
20241008,2,1.18036,1.17522
20241008,3,1.00377,0.9994
20241008,4,0.01115,0.0111
20241008,5,0.2528,0.2517
20241009,1,0.9286,0.92537
20241009,2,1.17932,1.17522
20241009,3,1.00289,0.9994
20241009,4,0.01114,0.0111
20241009,5,0.25258,0.2517
20241010,1,0.92782,0.92537
20241010,2,1.17833,1.17522
20241010,3,1.00204,0.9994
20241010,4,0.01113,0.0111
20241010,5,0.25237,0.2517
20241011,1,0.92707,0.92537
20241011,2,1.17738,1.17522
20241011,3,1.00123,0.9994
20241011,4,0.01112,0.0111
20241011,5,0.25216,0.2517
20241012,1,0.92635,0.92537
20241012,2,1.17647,1.17522
20241012,3,1.00046,0.9994
20241012,4,0.01112,0.0111
20241012,5,0.25197,0.2517
20241013,1,0.92568,0.92537
20241013,2,1.17561,1.17522
20241013,3,0.99973,0.9994
20241013,4,0.01111,0.0111
20241013,5,0.25178,0.2517
20241014,1,0.92504,0.92537
20241014,2,1.1748,1.17522
20241014,3,0.99904,0.9994
20241014,4,0.0111,0.0111
20241014,5,0.25161,0.2517
20241015,1,0.92444,0.92537
20241015,2,1.17403,1.17522
20241015,3,0.99839,0.9994
20241015,4,0.01109,0.0111
20241015,5,0.25145,0.2517
20241016,1,0.92387,0.92537
20241016,2,1.17332,1.17522
20241016,3,0.99778,0.9994
20241016,4,0.01109,0.0111
20241016,5,0.25129,0.2517
20241017,1,0.92334,0.92537
20241017,2,1.17265,1.17522
20241017,3,0.99721,0.9994
20241017,4,0.01108,0.0111
20241017,5,0.25115,0.2517
20241018,1,0.92285,0.92537
20241018,2,1.17203,1.17522
20241018,3,0.99668,0.9994
20241018,4,0.01107,0.0111
20241018,5,0.25102,0.2517
20241019,1,0.9224,0.92537
20241019,2,1.17145,1.17522
20241019,3,0.9962,0.9994
20241019,4,0.01107,0.0111
20241019,5,0.25089,0.2517
20241020,1,0.92199,0.92537
20241020,2,1.17093,1.17522
20241020,3,0.99575,0.9994
20241020,4,0.01106,0.0111
20241020,5,0.25078,0.2517
20241021,1,0.92162,0.92537
20241021,2,1.17045,1.17522
20241021,3,0.99534,0.9994
20241021,4,0.01106,0.0111
20241021,5,0.25068,0.2517
20241022,1,0.92128,0.92537
20241022,2,1.17002,1.17522
20241022,3,0.99498,0.9994
20241022,4,0.01106,0.0111
20241022,5,0.25059,0.2517
20241023,1,0.92098,0.92537
20241023,2,1.16965,1.17522
20241023,3,0.99466,0.9994
20241023,4,0.01105,0.0111
20241023,5,0.25051,0.2517
20241024,1,0.92072,0.92537
20241024,2,1.16932,1.17522
20241024,3,0.99438,0.9994
20241024,4,0.01105,0.0111
20241024,5,0.25044,0.2517
20241025,1,0.9205,0.92537
20241025,2,1.16904,1.17522
20241025,3,0.99415,0.9994
20241025,4,0.01105,0.0111
20241025,5,0.25038,0.2517
20241026,1,0.92032,0.92537
20241026,2,1.16881,1.17522
20241026,3,0.99395,0.9994
20241026,4,0.01104,0.0111
20241026,5,0.25033,0.2517
20241027,1,0.92018,0.92537
20241027,2,1.16863,1.17522
20241027,3,0.9938,0.9994
20241027,4,0.01104,0.0111
20241027,5,0.25029,0.2517
20241028,1,0.92008,0.92537
20241028,2,1.16851,1.17522
20241028,3,0.99369,0.9994
20241028,4,0.01104,0.0111
20241028,5,0.25026,0.2517
20241029,1,0.92002,0.92537
20241029,2,1.16843,1.17522
20241029,3,0.99362,0.9994
20241029,4,0.01104,0.0111
20241029,5,0.25025,0.2517
20241030,1,0.92,0.92537
20241030,2,1.1684,1.17522
20241030,3,0.9936,0.9994
20241030,4,0.01104,0.0111
20241030,5,0.25024,0.2517
20241031,1,0.92002,0.92537
20241031,2,1.16842,1.17522
20241031,3,0.99362,0.9994
20241031,4,0.01104,0.0111
20241031,5,0.25024,0.2517
20241101,1,0.92007,0.92666
20241101,2,1.16849,1.17685
20241101,3,0.99368,1.00079
20241101,4,0.01104,0.01112
20241101,5,0.25026,0.25205
20241102,1,0.92017,0.92666
20241102,2,1.16862,1.17685
20241102,3,0.99378,1.00079
20241102,4,0.01104,0.01112
20241102,5,0.25029,0.25205
20241103,1,0.92031,0.92666
20241103,2,1.16879,1.17685
20241103,3,0.99393,1.00079
20241103,4,0.01104,0.01112
20241103,5,0.25032,0.25205
20241104,1,0.92048,0.92666
20241104,2,1.16901,1.17685
20241104,3,0.99412,1.00079
20241104,4,0.01105,0.01112
20241104,5,0.25037,0.25205
20241105,1,0.9207,0.92666
20241105,2,1.16928,1.17685
20241105,3,0.99435,1.00079
20241105,4,0.01105,0.01112
20241105,5,0.25043,0.25205
20241106,1,0.92095,0.92666
20241106,2,1.16961,1.17685
20241106,3,0.99463,1.00079
20241106,4,0.01105,0.01112
20241106,5,0.2505,0.25205
20241107,1,0.92124,0.92666
20241107,2,1.16998,1.17685
20241107,3,0.99494,1.00079
20241107,4,0.01105,0.01112
20241107,5,0.25058,0.25205
20241108,1,0.92157,0.92666
20241108,2,1.1704,1.17685
20241108,3,0.9953,1.00079
20241108,4,0.01106,0.01112
20241108,5,0.25067,0.25205
20241109,1,0.92194,0.92666
20241109,2,1.17087,1.17685
20241109,3,0.9957,1.00079
20241109,4,0.01106,0.01112
20241109,5,0.25077,0.25205
20241110,1,0.92235,0.92666
20241110,2,1.17139,1.17685
20241110,3,0.99614,1.00079
20241110,4,0.01107,0.01112
20241110,5,0.25088,0.25205
20241111,1,0.9228,0.92666
20241111,2,1.17196,1.17685
20241111,3,0.99662,1.00079
20241111,4,0.01107,0.01112
20241111,5,0.251,0.25205
20241112,1,0.92329,0.92666
20241112,2,1.17257,1.17685
20241112,3,0.99715,1.00079
20241112,4,0.01108,0.01112
20241112,5,0.25113,0.25205
20241113,1,0.92381,0.92666
20241113,2,1.17324,1.17685
20241113,3,0.99771,1.00079
20241113,4,0.01109,0.01112
20241113,5,0.25128,0.25205
20241114,1,0.92437,0.92666
20241114,2,1.17395,1.17685
20241114,3,0.99832,1.00079
20241114,4,0.01109,0.01112
20241114,5,0.25143,0.25205
20241115,1,0.92497,0.92666
20241115,2,1.17471,1.17685
20241115,3,0.99897,1.00079
20241115,4,0.0111,0.01112
20241115,5,0.25159,0.25205
20241116,1,0.9256,0.92666
20241116,2,1.17552,1.17685
20241116,3,0.99965,1.00079
20241116,4,0.01111,0.01112
20241116,5,0.25176,0.25205
20241117,1,0.92628,0.92666
20241117,2,1.17637,1.17685
20241117,3,1.00038,1.00079
20241117,4,0.01112,0.01112
20241117,5,0.25195,0.25205
20241118,1,0.92698,0.92666
20241118,2,1.17727,1.17685
20241118,3,1.00114,1.00079
20241118,4,0.01112,0.01112
20241118,5,0.25214,0.25205
20241119,1,0.92773,0.92666
20241119,2,1.17821,1.17685
20241119,3,1.00195,1.00079
20241119,4,0.01113,0.01112
20241119,5,0.25234,0.25205
20241120,1,0.92851,0.92666
20241120,2,1.17921,1.17685
20241120,3,1.00279,1.00079
20241120,4,0.01114,0.01112
20241120,5,0.25255,0.25205
20241121,1,0.92932,0.92666
20241121,2,1.18024,1.17685
20241121,3,1.00367,1.00079
20241121,4,0.01115,0.01112
20241121,5,0.25278,0.25205
20241122,1,0.93017,0.92666
20241122,2,1.18132,1.17685
20241122,3,1.00459,1.00079
20241122,4,0.01116,0.01112
20241122,5,0.25301,0.25205
20241123,1,0.93106,0.92666
20241123,2,1.18244,1.17685
20241123,3,1.00554,1.00079
20241123,4,0.01117,0.01112
20241123,5,0.25325,0.25205
20241124,1,0.93198,0.92666
20241124,2,1.18361,1.17685
20241124,3,1.00654,1.00079
20241124,4,0.01118,0.01112
20241124,5,0.2535,0.25205
20241125,1,0.93293,0.92666
20241125,2,1.18482,1.17685
20241125,3,1.00756,1.00079
20241125,4,0.0112,0.01112
20241125,5,0.25376,0.25205
20241126,1,0.93392,0.92666
20241126,2,1.18607,1.17685
20241126,3,1.00863,1.00079
20241126,4,0.01121,0.01112
20241126,5,0.25403,0.25205
20241127,1,0.93493,0.92666
20241127,2,1.18737,1.17685
20241127,3,1.00973,1.00079
20241127,4,0.01122,0.01112
20241127,5,0.2543,0.25205
20241128,1,0.93598,0.92666
20241128,2,1.1887,1.17685
20241128,3,1.01086,1.00079
20241128,4,0.01123,0.01112
20241128,5,0.25459,0.25205
20241129,1,0.93707,0.92666
20241129,2,1.19007,1.17685
20241129,3,1.01203,1.00079
20241129,4,0.01124,0.01112
20241129,5,0.25488,0.25205
20241130,1,0.93818,0.92666
20241130,2,1.19149,1.17685
20241130,3,1.01323,1.00079
20241130,4,0.01126,0.01112
20241130,5,0.25518,0.25205
20241201,1,0.93932,0.96051
20241201,2,1.19294,1.21985
20241201,3,1.01447,1.03735
20241201,4,0.01127,0.01153
20241201,5,0.2555,0.26126
20241202,1,0.9405,0.96051
20241202,2,1.19443,1.21985
20241202,3,1.01574,1.03735
20241202,4,0.01129,0.01153
20241202,5,0.25581,0.26126
20241203,1,0.9417,0.96051
20241203,2,1.19596,1.21985
20241203,3,1.01703,1.03735
20241203,4,0.0113,0.01153
20241203,5,0.25614,0.26126
20241204,1,0.94293,0.96051
20241204,2,1.19752,1.21985
20241204,3,1.01836,1.03735
20241204,4,0.01132,0.01153
20241204,5,0.25648,0.26126
20241205,1,0.94419,0.96051
20241205,2,1.19912,1.21985
20241205,3,1.01973,1.03735
20241205,4,0.01133,0.01153
20241205,5,0.25682,0.26126
20241206,1,0.94548,0.96051
20241206,2,1.20076,1.21985
20241206,3,1.02112,1.03735
20241206,4,0.01135,0.01153
20241206,5,0.25717,0.26126
20241207,1,0.94679,0.96051
20241207,2,1.20243,1.21985
20241207,3,1.02254,1.03735
20241207,4,0.01136,0.01153
20241207,5,0.25753,0.26126
20241208,1,0.94813,0.96051
20241208,2,1.20413,1.21985
20241208,3,1.02398,1.03735
20241208,4,0.01138,0.01153
20241208,5,0.25789,0.26126
20241209,1,0.9495,0.96051
20241209,2,1.20586,1.21985
20241209,3,1.02546,1.03735
20241209,4,0.01139,0.01153
20241209,5,0.25826,0.26126
20241210,1,0.95089,0.96051
20241210,2,1.20763,1.21985
20241210,3,1.02696,1.03735
20241210,4,0.01141,0.01153
20241210,5,0.25864,0.26126
20241211,1,0.95231,0.96051
20241211,2,1.20943,1.21985
20241211,3,1.02849,1.03735
20241211,4,0.01143,0.01153
20241211,5,0.25903,0.26126
20241212,1,0.95374,0.96051
20241212,2,1.21126,1.21985
20241212,3,1.03004,1.03735
20241212,4,0.01144,0.01153
20241212,5,0.25942,0.26126
20241213,1,0.95521,0.96051
20241213,2,1.21311,1.21985
20241213,3,1.03162,1.03735
20241213,4,0.01146,0.01153
20241213,5,0.25982,0.26126
20241214,1,0.95669,0.96051
20241214,2,1.215,1.21985
20241214,3,1.03323,1.03735
20241214,4,0.01148,0.01153
20241214,5,0.26022,0.26126
20241215,1,0.9582,0.96051
20241215,2,1.21691,1.21985
20241215,3,1.03485,1.03735
20241215,4,0.0115,0.01153
20241215,5,0.26063,0.26126
20241216,1,0.95972,0.96051
20241216,2,1.21885,1.21985
20241216,3,1.0365,1.03735
20241216,4,0.01152,0.01153
20241216,5,0.26104,0.26126
20241217,1,0.96127,0.96051
20241217,2,1.22081,1.21985
20241217,3,1.03817,1.03735
20241217,4,0.01154,0.01153
20241217,5,0.26146,0.26126
20241218,1,0.96283,0.96051
20241218,2,1.2228,1.21985
20241218,3,1.03986,1.03735
20241218,4,0.01155,0.01153
20241218,5,0.26189,0.26126
20241219,1,0.96442,0.96051
20241219,2,1.22481,1.21985
20241219,3,1.04157,1.03735
20241219,4,0.01157,0.01153
20241219,5,0.26232,0.26126
20241220,1,0.96602,0.96051
20241220,2,1.22684,1.21985
20241220,3,1.0433,1.03735
20241220,4,0.01159,0.01153
20241220,5,0.26276,0.26126
20241221,1,0.96763,0.96051
20241221,2,1.22889,1.21985
20241221,3,1.04504,1.03735
20241221,4,0.01161,0.01153
20241221,5,0.2632,0.26126
20241222,1,0.96927,0.96051
20241222,2,1.23097,1.21985
20241222,3,1.04681,1.03735
20241222,4,0.01163,0.01153
20241222,5,0.26364,0.26126
20241223,1,0.97092,0.96051
20241223,2,1.23306,1.21985
20241223,3,1.04859,1.03735
20241223,4,0.01165,0.01153
20241223,5,0.26409,0.26126
20241224,1,0.97258,0.96051
20241224,2,1.23518,1.21985
20241224,3,1.05039,1.03735
20241224,4,0.01167,0.01153
20241224,5,0.26454,0.26126
20241225,1,0.97426,0.96051
20241225,2,1.23731,1.21985
20241225,3,1.0522,1.03735
20241225,4,0.01169,0.01153
20241225,5,0.265,0.26126
20241226,1,0.97595,0.96051
20241226,2,1.23945,1.21985
20241226,3,1.05402,1.03735
20241226,4,0.01171,0.01153
20241226,5,0.26546,0.26126
20241227,1,0.97765,0.96051
20241227,2,1.24161,1.21985
20241227,3,1.05586,1.03735
20241227,4,0.01173,0.01153
20241227,5,0.26592,0.26126
20241228,1,0.97936,0.96051
20241228,2,1.24379,1.21985
20241228,3,1.05771,1.03735
20241228,4,0.01175,0.01153
20241228,5,0.26639,0.26126
20241229,1,0.98108,0.96051
20241229,2,1.24597,1.21985
20241229,3,1.05957,1.03735
20241229,4,0.01177,0.01153
20241229,5,0.26685,0.26126
20241230,1,0.98281,0.96051
20241230,2,1.24817,1.21985
20241230,3,1.06144,1.03735
20241230,4,0.01179,0.01153
20241230,5,0.26733,0.26126
20241231,1,0.98455,0.96051
20241231,2,1.25038,1.21985
20241231,3,1.06332,1.03735
20241231,4,0.01181,0.01153
20241231,5,0.2678,0.26126
20250101,1,0.9863,1.01259
20250101,2,1.2526,1.28599
20250101,3,1.06521,1.0936
20250101,4,0.01184,0.01215
20250101,5,0.26827,0.27543
20250102,1,0.98806,1.01259
20250102,2,1.25483,1.28599
20250102,3,1.0671,1.0936
20250102,4,0.01186,0.01215
20250102,5,0.26875,0.27543
20250103,1,0.98982,1.01259
20250103,2,1.25707,1.28599
20250103,3,1.069,1.0936
20250103,4,0.01188,0.01215
20250103,5,0.26923,0.27543
20250104,1,0.99158,1.01259
20250104,2,1.25931,1.28599
20250104,3,1.07091,1.0936
20250104,4,0.0119,0.01215
20250104,5,0.26971,0.27543
20250105,1,0.99335,1.01259
20250105,2,1.26156,1.28599
20250105,3,1.07282,1.0936
20250105,4,0.01192,0.01215
20250105,5,0.27019,0.27543
20250106,1,0.99513,1.01259
20250106,2,1.26381,1.28599
20250106,3,1.07474,1.0936
20250106,4,0.01194,0.01215
20250106,5,0.27067,0.27543
20250107,1,0.9969,1.01259
20250107,2,1.26606,1.28599
20250107,3,1.07665,1.0936
20250107,4,0.01196,0.01215
20250107,5,0.27116,0.27543
20250108,1,0.99868,1.01259
20250108,2,1.26832,1.28599
20250108,3,1.07857,1.0936
20250108,4,0.01198,0.01215
20250108,5,0.27164,0.27543
20250109,1,1.00046,1.01259
20250109,2,1.27058,1.28599
20250109,3,1.08049,1.0936
20250109,4,0.01201,0.01215
20250109,5,0.27212,0.27543
20250110,1,1.00223,1.01259
20250110,2,1.27284,1.28599
20250110,3,1.08241,1.0936
20250110,4,0.01203,0.01215
20250110,5,0.27261,0.27543
20250111,1,1.00401,1.01259
20250111,2,1.27509,1.28599
20250111,3,1.08433,1.0936
20250111,4,0.01205,0.01215
20250111,5,0.27309,0.27543
20250112,1,1.00578,1.01259
20250112,2,1.27735,1.28599
20250112,3,1.08625,1.0936
20250112,4,0.01207,0.01215
20250112,5,0.27357,0.27543
20250113,1,1.00756,1.01259
20250113,2,1.2796,1.28599
20250113,3,1.08816,1.0936
20250113,4,0.01209,0.01215
20250113,5,0.27406,0.27543
20250114,1,1.00932,1.01259
20250114,2,1.28184,1.28599
20250114,3,1.09007,1.0936
20250114,4,0.01211,0.01215
20250114,5,0.27454,0.27543
20250115,1,1.01109,1.01259
20250115,2,1.28408,1.28599
20250115,3,1.09197,1.0936
20250115,4,0.01213,0.01215
20250115,5,0.27502,0.27543
20250116,1,1.01284,1.01259
20250116,2,1.28631,1.28599
20250116,3,1.09387,1.0936
20250116,4,0.01215,0.01215
20250116,5,0.27549,0.27543
20250117,1,1.0146,1.01259
20250117,2,1.28854,1.28599
20250117,3,1.09576,1.0936
20250117,4,0.01218,0.01215
20250117,5,0.27597,0.27543
20250118,1,1.01634,1.01259
20250118,2,1.29075,1.28599
20250118,3,1.09765,1.0936
20250118,4,0.0122,0.01215
20250118,5,0.27644,0.27543
20250119,1,1.01808,1.01259
20250119,2,1.29296,1.28599
20250119,3,1.09952,1.0936
20250119,4,0.01222,0.01215
20250119,5,0.27692,0.27543
20250120,1,1.0198,1.01259
20250120,2,1.29515,1.28599
20250120,3,1.10139,1.0936
20250120,4,0.01224,0.01215
20250120,5,0.27739,0.27543
20250121,1,1.02152,1.01259
20250121,2,1.29733,1.28599
20250121,3,1.10324,1.0936
20250121,4,0.01226,0.01215
20250121,5,0.27785,0.27543
20250122,1,1.02323,1.01259
20250122,2,1.2995,1.28599
20250122,3,1.10509,1.0936
20250122,4,0.01228,0.01215
20250122,5,0.27832,0.27543
20250123,1,1.02492,1.01259
20250123,2,1.30165,1.28599
20250123,3,1.10692,1.0936
20250123,4,0.0123,0.01215
20250123,5,0.27878,0.27543
20250124,1,1.02661,1.01259
20250124,2,1.30379,1.28599
20250124,3,1.10873,1.0936
20250124,4,0.01232,0.01215
20250124,5,0.27924,0.27543
20250125,1,1.02828,1.01259
20250125,2,1.30591,1.28599
20250125,3,1.11054,1.0936
20250125,4,0.01234,0.01215
20250125,5,0.27969,0.27543
20250126,1,1.02993,1.01259
20250126,2,1.30801,1.28599
20250126,3,1.11233,1.0936
20250126,4,0.01236,0.01215
20250126,5,0.28014,0.27543
20250127,1,1.03157,1.01259
20250127,2,1.3101,1.28599
20250127,3,1.1141,1.0936
20250127,4,0.01238,0.01215
20250127,5,0.28059,0.27543
20250128,1,1.0332,1.01259
20250128,2,1.31216,1.28599
20250128,3,1.11585,1.0936
20250128,4,0.0124,0.01215
20250128,5,0.28103,0.27543
20250129,1,1.03481,1.01259
20250129,2,1.31421,1.28599
20250129,3,1.11759,1.0936
20250129,4,0.01242,0.01215
20250129,5,0.28147,0.27543
20250130,1,1.0364,1.01259
20250130,2,1.31623,1.28599
20250130,3,1.11931,1.0936
20250130,4,0.01244,0.01215
20250130,5,0.2819,0.27543
20250131,1,1.03797,1.01259
20250131,2,1.31823,1.28599
20250131,3,1.12101,1.0936
20250131,4,0.01246,0.01215
20250131,5,0.28233,0.27543
20250201,1,1.03953,1.05738
20250201,2,1.3202,1.34288
20250201,3,1.12269,1.14197
20250201,4,0.01247,0.01269
20250201,5,0.28275,0.28761
20250202,1,1.04106,1.05738
20250202,2,1.32215,1.34288
20250202,3,1.12435,1.14197
20250202,4,0.01249,0.01269
20250202,5,0.28317,0.28761
20250203,1,1.04258,1.05738
20250203,2,1.32408,1.34288
20250203,3,1.12599,1.14197
20250203,4,0.01251,0.01269
20250203,5,0.28358,0.28761
20250204,1,1.04407,1.05738
20250204,2,1.32597,1.34288
20250204,3,1.1276,1.14197
20250204,4,0.01253,0.01269
20250204,5,0.28399,0.28761
20250205,1,1.04555,1.05738
20250205,2,1.32785,1.34288
20250205,3,1.12919,1.14197
20250205,4,0.01255,0.01269
20250205,5,0.28439,0.28761
20250206,1,1.047,1.05738
20250206,2,1.32969,1.34288
20250206,3,1.13076,1.14197
20250206,4,0.01256,0.01269
20250206,5,0.28478,0.28761
20250207,1,1.04842,1.05738
20250207,2,1.3315,1.34288
20250207,3,1.1323,1.14197
20250207,4,0.01258,0.01269
20250207,5,0.28517,0.28761
20250208,1,1.04983,1.05738
20250208,2,1.33328,1.34288
20250208,3,1.13381,1.14197
20250208,4,0.0126,0.01269
20250208,5,0.28555,0.28761
20250209,1,1.05121,1.05738
20250209,2,1.33503,1.34288
20250209,3,1.1353,1.14197
20250209,4,0.01261,0.01269
20250209,5,0.28593,0.28761
20250210,1,1.05256,1.05738
20250210,2,1.33675,1.34288
20250210,3,1.13676,1.14197
20250210,4,0.01263,0.01269
20250210,5,0.2863,0.28761
20250211,1,1.05389,1.05738
20250211,2,1.33844,1.34288
20250211,3,1.1382,1.14197
20250211,4,0.01265,0.01269
20250211,5,0.28666,0.28761
20250212,1,1.05519,1.05738
20250212,2,1.34009,1.34288
20250212,3,1.1396,1.14197
20250212,4,0.01266,0.01269
20250212,5,0.28701,0.28761
20250213,1,1.05646,1.05738
20250213,2,1.3417,1.34288
20250213,3,1.14098,1.14197
20250213,4,0.01268,0.01269
20250213,5,0.28736,0.28761
20250214,1,1.05771,1.05738
20250214,2,1.34329,1.34288
20250214,3,1.14232,1.14197
20250214,4,0.01269,0.01269
20250214,5,0.2877,0.28761
20250215,1,1.05892,1.05738
20250215,2,1.34483,1.34288
20250215,3,1.14364,1.14197
20250215,4,0.01271,0.01269
20250215,5,0.28803,0.28761
20250216,1,1.06011,1.05738
20250216,2,1.34634,1.34288
20250216,3,1.14492,1.14197
20250216,4,0.01272,0.01269
20250216,5,0.28835,0.28761
20250217,1,1.06127,1.05738
20250217,2,1.34781,1.34288
20250217,3,1.14617,1.14197
20250217,4,0.01274,0.01269
20250217,5,0.28867,0.28761
20250218,1,1.0624,1.05738
20250218,2,1.34924,1.34288
20250218,3,1.14739,1.14197
20250218,4,0.01275,0.01269
20250218,5,0.28897,0.28761
20250219,1,1.06349,1.05738
20250219,2,1.35064,1.34288
20250219,3,1.14857,1.14197
20250219,4,0.01276,0.01269
20250219,5,0.28927,0.28761
20250220,1,1.06456,1.05738
20250220,2,1.35199,1.34288
20250220,3,1.14972,1.14197
20250220,4,0.01277,0.01269
20250220,5,0.28956,0.28761
20250221,1,1.06559,1.05738
20250221,2,1.3533,1.34288
20250221,3,1.15084,1.14197
20250221,4,0.01279,0.01269
20250221,5,0.28984,0.28761
20250222,1,1.06659,1.05738
20250222,2,1.35458,1.34288
20250222,3,1.15192,1.14197
20250222,4,0.0128,0.01269
20250222,5,0.29011,0.28761
20250223,1,1.06756,1.05738
20250223,2,1.35581,1.34288
20250223,3,1.15297,1.14197
20250223,4,0.01281,0.01269
20250223,5,0.29038,0.28761
20250224,1,1.0685,1.05738
20250224,2,1.35699,1.34288
20250224,3,1.15398,1.14197
20250224,4,0.01282,0.01269
20250224,5,0.29063,0.28761
20250225,1,1.0694,1.05738
20250225,2,1.35814,1.34288
20250225,3,1.15495,1.14197
20250225,4,0.01283,0.01269
20250225,5,0.29088,0.28761
20250226,1,1.07027,1.05738
20250226,2,1.35924,1.34288
20250226,3,1.15589,1.14197
20250226,4,0.01284,0.01269
20250226,5,0.29111,0.28761
20250227,1,1.0711,1.05738
20250227,2,1.3603,1.34288
20250227,3,1.15679,1.14197
20250227,4,0.01285,0.01269
20250227,5,0.29134,0.28761
20250228,1,1.0719,1.05738
20250228,2,1.36131,1.34288
20250228,3,1.15765,1.14197
20250228,4,0.01286,0.01269
20250228,5,0.29156,0.28761
20250301,1,1.07266,1.07805
20250301,2,1.36228,1.36912
20250301,3,1.15847,1.16429
20250301,4,0.01287,0.01294
20250301,5,0.29176,0.29323
20250302,1,1.07338,1.07805
20250302,2,1.3632,1.36912
20250302,3,1.15926,1.16429
20250302,4,0.01288,0.01294
20250302,5,0.29196,0.29323
20250303,1,1.07407,1.07805
20250303,2,1.36407,1.36912
20250303,3,1.16,1.16429
20250303,4,0.01289,0.01294
20250303,5,0.29215,0.29323
20250304,1,1.07473,1.07805
20250304,2,1.3649,1.36912
20250304,3,1.16071,1.16429
20250304,4,0.0129,0.01294
20250304,5,0.29233,0.29323
20250305,1,1.07534,1.07805
20250305,2,1.36569,1.36912
20250305,3,1.16137,1.16429
20250305,4,0.0129,0.01294
20250305,5,0.29249,0.29323
20250306,1,1.07592,1.07805
20250306,2,1.36642,1.36912
20250306,3,1.162,1.16429
20250306,4,0.01291,0.01294
20250306,5,0.29265,0.29323
20250307,1,1.07646,1.07805
20250307,2,1.36711,1.36912
20250307,3,1.16258,1.16429
20250307,4,0.01292,0.01294
20250307,5,0.2928,0.29323
20250308,1,1.07697,1.07805
20250308,2,1.36775,1.36912
20250308,3,1.16313,1.16429
20250308,4,0.01292,0.01294
20250308,5,0.29294,0.29323
20250309,1,1.07743,1.07805
20250309,2,1.36834,1.36912
20250309,3,1.16363,1.16429
20250309,4,0.01293,0.01294
20250309,5,0.29306,0.29323
20250310,1,1.07786,1.07805
20250310,2,1.36888,1.36912
20250310,3,1.16409,1.16429
20250310,4,0.01293,0.01294
20250310,5,0.29318,0.29323
20250311,1,1.07825,1.07805
20250311,2,1.36938,1.36912
20250311,3,1.16451,1.16429
20250311,4,0.01294,0.01294
20250311,5,0.29328,0.29323
20250312,1,1.0786,1.07805
20250312,2,1.36982,1.36912
20250312,3,1.16489,1.16429
20250312,4,0.01294,0.01294
20250312,5,0.29338,0.29323
20250313,1,1.07891,1.07805
20250313,2,1.37022,1.36912
20250313,3,1.16523,1.16429
20250313,4,0.01295,0.01294
20250313,5,0.29346,0.29323
20250314,1,1.07918,1.07805
20250314,2,1.37056,1.36912
20250314,3,1.16552,1.16429
20250314,4,0.01295,0.01294
20250314,5,0.29354,0.29323
20250315,1,1.07942,1.07805
20250315,2,1.37086,1.36912
20250315,3,1.16577,1.16429
20250315,4,0.01295,0.01294
20250315,5,0.2936,0.29323
20250316,1,1.07961,1.07805
20250316,2,1.37111,1.36912
20250316,3,1.16598,1.16429
20250316,4,0.01296,0.01294
20250316,5,0.29365,0.29323
20250317,1,1.07977,1.07805
20250317,2,1.37131,1.36912
20250317,3,1.16615,1.16429
20250317,4,0.01296,0.01294
20250317,5,0.2937,0.29323
20250318,1,1.07988,1.07805
20250318,2,1.37145,1.36912
20250318,3,1.16627,1.16429
20250318,4,0.01296,0.01294
20250318,5,0.29373,0.29323
20250319,1,1.07996,1.07805
20250319,2,1.37155,1.36912
20250319,3,1.16636,1.16429
20250319,4,0.01296,0.01294
20250319,5,0.29375,0.29323
20250320,1,1.08,1.07805
20250320,2,1.3716,1.36912
20250320,3,1.1664,1.16429
20250320,4,0.01296,0.01294
20250320,5,0.29376,0.29323
20250321,1,1.07999,1.07805
20250321,2,1.37159,1.36912
20250321,3,1.16639,1.16429
20250321,4,0.01296,0.01294
20250321,5,0.29376,0.29323
20250322,1,1.07995,1.07805
20250322,2,1.37154,1.36912
20250322,3,1.16635,1.16429
20250322,4,0.01296,0.01294
20250322,5,0.29375,0.29323
20250323,1,1.07987,1.07805
20250323,2,1.37143,1.36912
20250323,3,1.16626,1.16429
20250323,4,0.01296,0.01294
20250323,5,0.29372,0.29323
20250324,1,1.07975,1.07805
20250324,2,1.37128,1.36912
20250324,3,1.16613,1.16429
20250324,4,0.01296,0.01294
20250324,5,0.29369,0.29323
20250325,1,1.07959,1.07805
20250325,2,1.37108,1.36912
20250325,3,1.16595,1.16429
20250325,4,0.01296,0.01294
20250325,5,0.29365,0.29323
20250326,1,1.07939,1.07805
20250326,2,1.37082,1.36912
20250326,3,1.16574,1.16429
20250326,4,0.01295,0.01294
20250326,5,0.29359,0.29323
20250327,1,1.07915,1.07805
20250327,2,1.37052,1.36912
20250327,3,1.16548,1.16429
20250327,4,0.01295,0.01294
20250327,5,0.29353,0.29323
20250328,1,1.07887,1.07805
20250328,2,1.37017,1.36912
20250328,3,1.16518,1.16429
20250328,4,0.01295,0.01294
20250328,5,0.29345,0.29323
20250329,1,1.07855,1.07805
20250329,2,1.36976,1.36912
20250329,3,1.16484,1.16429
20250329,4,0.01294,0.01294
20250329,5,0.29337,0.29323
20250330,1,1.0782,1.07805
20250330,2,1.36931,1.36912
20250330,3,1.16445,1.16429
20250330,4,0.01294,0.01294
20250330,5,0.29327,0.29323
20250331,1,1.0778,1.07805
20250331,2,1.36881,1.36912
20250331,3,1.16403,1.16429
20250331,4,0.01293,0.01294
20250331,5,0.29316,0.29323
20250401,1,1.07737,1.06571
20250401,2,1.36826,1.35346
20250401,3,1.16356,1.15097
20250401,4,0.01293,0.01279
20250401,5,0.29304,0.28987
20250402,1,1.0769,1.06571
20250402,2,1.36766,1.35346
20250402,3,1.16305,1.15097
20250402,4,0.01292,0.01279
20250402,5,0.29292,0.28987
20250403,1,1.07639,1.06571
20250403,2,1.36701,1.35346
20250403,3,1.1625,1.15097
20250403,4,0.01292,0.01279
20250403,5,0.29278,0.28987
20250404,1,1.07584,1.06571
20250404,2,1.36632,1.35346
20250404,3,1.16191,1.15097
20250404,4,0.01291,0.01279
20250404,5,0.29263,0.28987
20250405,1,1.07526,1.06571
20250405,2,1.36558,1.35346
20250405,3,1.16128,1.15097
20250405,4,0.0129,0.01279
20250405,5,0.29247,0.28987
20250406,1,1.07464,1.06571
20250406,2,1.36479,1.35346
20250406,3,1.16061,1.15097
20250406,4,0.0129,0.01279
20250406,5,0.2923,0.28987
20250407,1,1.07398,1.06571
20250407,2,1.36395,1.35346
20250407,3,1.1599,1.15097
20250407,4,0.01289,0.01279
20250407,5,0.29212,0.28987
20250408,1,1.07328,1.06571
20250408,2,1.36307,1.35346
20250408,3,1.15915,1.15097
20250408,4,0.01288,0.01279
20250408,5,0.29193,0.28987
20250409,1,1.07255,1.06571
20250409,2,1.36214,1.35346
20250409,3,1.15836,1.15097
20250409,4,0.01287,0.01279
20250409,5,0.29173,0.28987
20250410,1,1.07179,1.06571
20250410,2,1.36117,1.35346
20250410,3,1.15753,1.15097
20250410,4,0.01286,0.01279
20250410,5,0.29153,0.28987
20250411,1,1.07098,1.06571
20250411,2,1.36015,1.35346
20250411,3,1.15666,1.15097
20250411,4,0.01285,0.01279
20250411,5,0.29131,0.28987
20250412,1,1.07015,1.06571
20250412,2,1.35909,1.35346
20250412,3,1.15576,1.15097
20250412,4,0.01284,0.01279
20250412,5,0.29108,0.28987
20250413,1,1.06927,1.06571
20250413,2,1.35798,1.35346
20250413,3,1.15482,1.15097
20250413,4,0.01283,0.01279
20250413,5,0.29084,0.28987
20250414,1,1.06837,1.06571
20250414,2,1.35683,1.35346
20250414,3,1.15384,1.15097
20250414,4,0.01282,0.01279
20250414,5,0.2906,0.28987
20250415,1,1.06743,1.06571
20250415,2,1.35563,1.35346
20250415,3,1.15282,1.15097
20250415,4,0.01281,0.01279
20250415,5,0.29034,0.28987
20250416,1,1.06645,1.06571
20250416,2,1.3544,1.35346
20250416,3,1.15177,1.15097
20250416,4,0.0128,0.01279
20250416,5,0.29008,0.28987
20250417,1,1.06545,1.06571
20250417,2,1.35312,1.35346
20250417,3,1.15068,1.15097
20250417,4,0.01279,0.01279
20250417,5,0.2898,0.28987
20250418,1,1.06441,1.06571
20250418,2,1.3518,1.35346
20250418,3,1.14956,1.15097
20250418,4,0.01277,0.01279
20250418,5,0.28952,0.28987
20250419,1,1.06334,1.06571
20250419,2,1.35044,1.35346
20250419,3,1.14841,1.15097
20250419,4,0.01276,0.01279
20250419,5,0.28923,0.28987
20250420,1,1.06224,1.06571
20250420,2,1.34904,1.35346
20250420,3,1.14722,1.15097
20250420,4,0.01275,0.01279
20250420,5,0.28893,0.28987
20250421,1,1.06111,1.06571
20250421,2,1.3476,1.35346
20250421,3,1.14599,1.15097
20250421,4,0.01273,0.01279
20250421,5,0.28862,0.28987
20250422,1,1.05994,1.06571
20250422,2,1.34613,1.35346
20250422,3,1.14474,1.15097
20250422,4,0.01272,0.01279
20250422,5,0.2883,0.28987
20250423,1,1.05875,1.06571
20250423,2,1.34461,1.35346
20250423,3,1.14345,1.15097
20250423,4,0.01271,0.01279
20250423,5,0.28798,0.28987
20250424,1,1.05753,1.06571
20250424,2,1.34306,1.35346
20250424,3,1.14213,1.15097
20250424,4,0.01269,0.01279
20250424,5,0.28765,0.28987
20250425,1,1.05628,1.06571
20250425,2,1.34148,1.35346
20250425,3,1.14078,1.15097
20250425,4,0.01268,0.01279
20250425,5,0.28731,0.28987
20250426,1,1.055,1.06571
20250426,2,1.33986,1.35346
20250426,3,1.1394,1.15097
20250426,4,0.01266,0.01279
20250426,5,0.28696,0.28987
20250427,1,1.0537,1.06571
20250427,2,1.3382,1.35346
20250427,3,1.138,1.15097
20250427,4,0.01264,0.01279
20250427,5,0.28661,0.28987
20250428,1,1.05237,1.06571
20250428,2,1.33651,1.35346
20250428,3,1.13656,1.15097
20250428,4,0.01263,0.01279
20250428,5,0.28624,0.28987
20250429,1,1.05101,1.06571
20250429,2,1.33479,1.35346
20250429,3,1.13509,1.15097
20250429,4,0.01261,0.01279
20250429,5,0.28588,0.28987
20250430,1,1.04963,1.06571
20250430,2,1.33303,1.35346
20250430,3,1.1336,1.15097
20250430,4,0.0126,0.01279
20250430,5,0.2855,0.28987
20250501,1,1.04822,1.0242
20250501,2,1.33124,1.30073
20250501,3,1.13208,1.10614
20250501,4,0.01258,0.01229
20250501,5,0.28512,0.27858
20250502,1,1.04679,1.0242
20250502,2,1.32943,1.30073
20250502,3,1.13054,1.10614
20250502,4,0.01256,0.01229
20250502,5,0.28473,0.27858
20250503,1,1.04534,1.0242
20250503,2,1.32758,1.30073
20250503,3,1.12897,1.10614
20250503,4,0.01254,0.01229
20250503,5,0.28433,0.27858
20250504,1,1.04386,1.0242
20250504,2,1.32571,1.30073
20250504,3,1.12737,1.10614
20250504,4,0.01253,0.01229
20250504,5,0.28393,0.27858
20250505,1,1.04237,1.0242
20250505,2,1.32381,1.30073
20250505,3,1.12576,1.10614
20250505,4,0.01251,0.01229
20250505,5,0.28352,0.27858
20250506,1,1.04085,1.0242
20250506,2,1.32188,1.30073
20250506,3,1.12412,1.10614
20250506,4,0.01249,0.01229
20250506,5,0.28311,0.27858
20250507,1,1.03931,1.0242
20250507,2,1.31992,1.30073
20250507,3,1.12245,1.10614
20250507,4,0.01247,0.01229
20250507,5,0.28269,0.27858
20250508,1,1.03775,1.0242
20250508,2,1.31795,1.30073
20250508,3,1.12077,1.10614
20250508,4,0.01245,0.01229
20250508,5,0.28227,0.27858
20250509,1,1.03618,1.0242
20250509,2,1.31594,1.30073
20250509,3,1.11907,1.10614
20250509,4,0.01243,0.01229
20250509,5,0.28184,0.27858
20250510,1,1.03458,1.0242
20250510,2,1.31392,1.30073
20250510,3,1.11735,1.10614
20250510,4,0.01241,0.01229
20250510,5,0.28141,0.27858
20250511,1,1.03297,1.0242
20250511,2,1.31187,1.30073
20250511,3,1.11561,1.10614
20250511,4,0.0124,0.01229
20250511,5,0.28097,0.27858
20250512,1,1.03134,1.0242
20250512,2,1.3098,1.30073
20250512,3,1.11385,1.10614
20250512,4,0.01238,0.01229
20250512,5,0.28052,0.27858
20250513,1,1.0297,1.0242
20250513,2,1.30772,1.30073
20250513,3,1.11207,1.10614
20250513,4,0.01236,0.01229
20250513,5,0.28008,0.27858
20250514,1,1.02804,1.0242
20250514,2,1.30561,1.30073
20250514,3,1.11028,1.10614
20250514,4,0.01234,0.01229
20250514,5,0.27963,0.27858
20250515,1,1.02637,1.0242
20250515,2,1.30349,1.30073
20250515,3,1.10848,1.10614
20250515,4,0.01232,0.01229
20250515,5,0.27917,0.27858
20250516,1,1.02468,1.0242
20250516,2,1.30135,1.30073
20250516,3,1.10666,1.10614
20250516,4,0.0123,0.01229
20250516,5,0.27871,0.27858
20250517,1,1.02299,1.0242
20250517,2,1.29919,1.30073
20250517,3,1.10483,1.10614
20250517,4,0.01228,0.01229
20250517,5,0.27825,0.27858
20250518,1,1.02128,1.0242
20250518,2,1.29702,1.30073
20250518,3,1.10298,1.10614
20250518,4,0.01226,0.01229
20250518,5,0.27779,0.27858
20250519,1,1.01956,1.0242
20250519,2,1.29484,1.30073
20250519,3,1.10112,1.10614
20250519,4,0.01223,0.01229
20250519,5,0.27732,0.27858
20250520,1,1.01783,1.0242
20250520,2,1.29265,1.30073
20250520,3,1.09926,1.10614
20250520,4,0.01221,0.01229
20250520,5,0.27685,0.27858
20250521,1,1.01609,1.0242
20250521,2,1.29044,1.30073
20250521,3,1.09738,1.10614
20250521,4,0.01219,0.01229
20250521,5,0.27638,0.27858
20250522,1,1.01435,1.0242
20250522,2,1.28822,1.30073
20250522,3,1.0955,1.10614
20250522,4,0.01217,0.01229
20250522,5,0.2759,0.27858
20250523,1,1.0126,1.0242
20250523,2,1.286,1.30073
20250523,3,1.0936,1.10614
20250523,4,0.01215,0.01229
20250523,5,0.27543,0.27858
20250524,1,1.01084,1.0242
20250524,2,1.28376,1.30073
20250524,3,1.0917,1.10614
20250524,4,0.01213,0.01229
20250524,5,0.27495,0.27858
20250525,1,1.00907,1.0242
20250525,2,1.28152,1.30073
20250525,3,1.0898,1.10614
20250525,4,0.01211,0.01229
20250525,5,0.27447,0.27858
20250526,1,1.00731,1.0242
20250526,2,1.27928,1.30073
20250526,3,1.08789,1.10614
20250526,4,0.01209,0.01229
20250526,5,0.27399,0.27858
20250527,1,1.00553,1.0242
20250527,2,1.27703,1.30073
20250527,3,1.08598,1.10614
20250527,4,0.01207,0.01229
20250527,5,0.27351,0.27858
20250528,1,1.00376,1.0242
20250528,2,1.27477,1.30073
20250528,3,1.08406,1.10614
20250528,4,0.01205,0.01229
20250528,5,0.27302,0.27858
20250529,1,1.00198,1.0242
20250529,2,1.27252,1.30073
20250529,3,1.08214,1.10614
20250529,4,0.01202,0.01229
20250529,5,0.27254,0.27858
20250530,1,1.0002,1.0242
20250530,2,1.27026,1.30073
20250530,3,1.08022,1.10614
20250530,4,0.012,0.01229
20250530,5,0.27206,0.27858
20250531,1,0.99843,1.0242
20250531,2,1.268,1.30073
20250531,3,1.0783,1.10614
20250531,4,0.01198,0.01229
20250531,5,0.27157,0.27858
20250601,1,0.99665,0.97203
20250601,2,1.26575,1.23448
20250601,3,1.07638,1.0498
20250601,4,0.01196,0.01166
20250601,5,0.27109,0.26439
20250602,1,0.99487,0.97203
20250602,2,1.26349,1.23448
20250602,3,1.07446,1.0498
20250602,4,0.01194,0.01166
20250602,5,0.27061,0.26439
20250603,1,0.9931,0.97203
20250603,2,1.26124,1.23448
20250603,3,1.07255,1.0498
20250603,4,0.01192,0.01166
20250603,5,0.27012,0.26439
20250604,1,0.99133,0.97203
20250604,2,1.25899,1.23448
20250604,3,1.07064,1.0498
20250604,4,0.0119,0.01166
20250604,5,0.26964,0.26439
20250605,1,0.98957,0.97203
20250605,2,1.25675,1.23448
20250605,3,1.06873,1.0498
20250605,4,0.01187,0.01166
20250605,5,0.26916,0.26439
20250606,1,0.98781,0.97203
20250606,2,1.25452,1.23448
20250606,3,1.06683,1.0498
20250606,4,0.01185,0.01166
20250606,5,0.26868,0.26439
20250607,1,0.98605,0.97203
20250607,2,1.25229,1.23448
20250607,3,1.06494,1.0498
20250607,4,0.01183,0.01166
20250607,5,0.26821,0.26439
20250608,1,0.98431,0.97203
20250608,2,1.25007,1.23448
20250608,3,1.06305,1.0498
20250608,4,0.01181,0.01166
20250608,5,0.26773,0.26439
20250609,1,0.98257,0.97203
20250609,2,1.24786,1.23448
20250609,3,1.06117,1.0498
20250609,4,0.01179,0.01166
20250609,5,0.26726,0.26439
20250610,1,0.98084,0.97203
20250610,2,1.24566,1.23448
20250610,3,1.0593,1.0498
20250610,4,0.01177,0.01166
20250610,5,0.26679,0.26439
20250611,1,0.97912,0.97203
20250611,2,1.24348,1.23448
20250611,3,1.05745,1.0498
20250611,4,0.01175,0.01166
20250611,5,0.26632,0.26439
20250612,1,0.97741,0.97203
20250612,2,1.2413,1.23448
20250612,3,1.0556,1.0498
20250612,4,0.01173,0.01166
20250612,5,0.26585,0.26439
20250613,1,0.97571,0.97203
20250613,2,1.23915,1.23448
20250613,3,1.05376,1.0498
20250613,4,0.01171,0.01166
20250613,5,0.26539,0.26439
20250614,1,0.97402,0.97203
20250614,2,1.237,1.23448
20250614,3,1.05194,1.0498
20250614,4,0.01169,0.01166
20250614,5,0.26493,0.26439
20250615,1,0.97234,0.97203
20250615,2,1.23488,1.23448
20250615,3,1.05013,1.0498
20250615,4,0.01167,0.01166
20250615,5,0.26448,0.26439
20250616,1,0.97068,0.97203
20250616,2,1.23277,1.23448
20250616,3,1.04834,1.0498
20250616,4,0.01165,0.01166
20250616,5,0.26403,0.26439
20250617,1,0.96903,0.97203
20250617,2,1.23067,1.23448
20250617,3,1.04656,1.0498
20250617,4,0.01163,0.01166
20250617,5,0.26358,0.26439
20250618,1,0.9674,0.97203
20250618,2,1.2286,1.23448
20250618,3,1.0448,1.0498
20250618,4,0.01161,0.01166
20250618,5,0.26313,0.26439
20250619,1,0.96579,0.97203
20250619,2,1.22655,1.23448
20250619,3,1.04305,1.0498
20250619,4,0.01159,0.01166
20250619,5,0.26269,0.26439
20250620,1,0.96419,0.97203
20250620,2,1.22452,1.23448
20250620,3,1.04132,1.0498
20250620,4,0.01157,0.01166
20250620,5,0.26226,0.26439
20250621,1,0.96261,0.97203
20250621,2,1.22251,1.23448
20250621,3,1.03962,1.0498
20250621,4,0.01155,0.01166
20250621,5,0.26183,0.26439
20250622,1,0.96105,0.97203
20250622,2,1.22053,1.23448
20250622,3,1.03793,1.0498
20250622,4,0.01153,0.01166
20250622,5,0.2614,0.26439
20250623,1,0.9595,0.97203
20250623,2,1.21857,1.23448
20250623,3,1.03626,1.0498
20250623,4,0.01151,0.01166
20250623,5,0.26098,0.26439
20250624,1,0.95798,0.97203
20250624,2,1.21664,1.23448
20250624,3,1.03462,1.0498
20250624,4,0.0115,0.01166
20250624,5,0.26057,0.26439
20250625,1,0.95648,0.97203
20250625,2,1.21473,1.23448
20250625,3,1.033,1.0498
20250625,4,0.01148,0.01166
20250625,5,0.26016,0.26439
20250626,1,0.955,0.97203
20250626,2,1.21285,1.23448
20250626,3,1.0314,1.0498
20250626,4,0.01146,0.01166
20250626,5,0.25976,0.26439
20250627,1,0.95354,0.97203
20250627,2,1.21099,1.23448
20250627,3,1.02982,1.0498
20250627,4,0.01144,0.01166
20250627,5,0.25936,0.26439
20250628,1,0.9521,0.97203
20250628,2,1.20917,1.23448
20250628,3,1.02827,1.0498
20250628,4,0.01143,0.01166
20250628,5,0.25897,0.26439
20250629,1,0.95069,0.97203
20250629,2,1.20738,1.23448
20250629,3,1.02675,1.0498
20250629,4,0.01141,0.01166
20250629,5,0.25859,0.26439
20250630,1,0.9493,0.97203
20250630,2,1.20562,1.23448
20250630,3,1.02525,1.0498
20250630,4,0.01139,0.01166
20250630,5,0.25821,0.26439
20250701,1,0.94794,0.93229
20250701,2,1.20389,1.18401
20250701,3,1.02378,1.00687
20250701,4,0.01138,0.01119
20250701,5,0.25784,0.25358
20250702,1,0.9466,0.93229
20250702,2,1.20219,1.18401
20250702,3,1.02233,1.00687
20250702,4,0.01136,0.01119
20250702,5,0.25748,0.25358
20250703,1,0.94529,0.93229
20250703,2,1.20052,1.18401
20250703,3,1.02092,1.00687
20250703,4,0.01134,0.01119
20250703,5,0.25712,0.25358
20250704,1,0.94401,0.93229
20250704,2,1.19889,1.18401
20250704,3,1.01953,1.00687
20250704,4,0.01133,0.01119
20250704,5,0.25677,0.25358
20250705,1,0.94275,0.93229
20250705,2,1.1973,1.18401
20250705,3,1.01817,1.00687
20250705,4,0.01131,0.01119
20250705,5,0.25643,0.25358
20250706,1,0.94153,0.93229
20250706,2,1.19574,1.18401
20250706,3,1.01685,1.00687
20250706,4,0.0113,0.01119
20250706,5,0.2561,0.25358
20250707,1,0.94033,0.93229
20250707,2,1.19422,1.18401
20250707,3,1.01555,1.00687
20250707,4,0.01128,0.01119
20250707,5,0.25577,0.25358
20250708,1,0.93916,0.93229
20250708,2,1.19273,1.18401
20250708,3,1.01429,1.00687
20250708,4,0.01127,0.01119
20250708,5,0.25545,0.25358
20250709,1,0.93802,0.93229
20250709,2,1.19128,1.18401
20250709,3,1.01306,1.00687
20250709,4,0.01126,0.01119
20250709,5,0.25514,0.25358
20250710,1,0.93691,0.93229
20250710,2,1.18988,1.18401
20250710,3,1.01186,1.00687
20250710,4,0.01124,0.01119
20250710,5,0.25484,0.25358
20250711,1,0.93583,0.93229
20250711,2,1.18851,1.18401
20250711,3,1.0107,1.00687
20250711,4,0.01123,0.01119
20250711,5,0.25455,0.25358
20250712,1,0.93479,0.93229
20250712,2,1.18718,1.18401
20250712,3,1.00957,1.00687
20250712,4,0.01122,0.01119
20250712,5,0.25426,0.25358
20250713,1,0.93377,0.93229
20250713,2,1.18589,1.18401
20250713,3,1.00848,1.00687
20250713,4,0.01121,0.01119
20250713,5,0.25399,0.25358
20250714,1,0.93279,0.93229
20250714,2,1.18465,1.18401
20250714,3,1.00742,1.00687
20250714,4,0.01119,0.01119
20250714,5,0.25372,0.25358
20250715,1,0.93185,0.93229
20250715,2,1.18344,1.18401
20250715,3,1.00639,1.00687
20250715,4,0.01118,0.01119
20250715,5,0.25346,0.25358
20250716,1,0.93093,0.93229
20250716,2,1.18228,1.18401
20250716,3,1.00541,1.00687
20250716,4,0.01117,0.01119
20250716,5,0.25321,0.25358
20250717,1,0.93005,0.93229
20250717,2,1.18117,1.18401
20250717,3,1.00446,1.00687
20250717,4,0.01116,0.01119
20250717,5,0.25297,0.25358
20250718,1,0.92921,0.93229
20250718,2,1.18009,1.18401
20250718,3,1.00354,1.00687
20250718,4,0.01115,0.01119
20250718,5,0.25274,0.25358
20250719,1,0.9284,0.93229
20250719,2,1.17906,1.18401
20250719,3,1.00267,1.00687
20250719,4,0.01114,0.01119
20250719,5,0.25252,0.25358
20250720,1,0.92762,0.93229
20250720,2,1.17808,1.18401
20250720,3,1.00183,1.00687
20250720,4,0.01113,0.01119
20250720,5,0.25231,0.25358
20250721,1,0.92688,0.93229
20250721,2,1.17714,1.18401
20250721,3,1.00103,1.00687
20250721,4,0.01112,0.01119
20250721,5,0.25211,0.25358
20250722,1,0.92618,0.93229
20250722,2,1.17625,1.18401
20250722,3,1.00027,1.00687
20250722,4,0.01111,0.01119
20250722,5,0.25192,0.25358
20250723,1,0.92551,0.93229
20250723,2,1.1754,1.18401
20250723,3,0.99955,1.00687
20250723,4,0.01111,0.01119
20250723,5,0.25174,0.25358
20250724,1,0.92488,0.93229
20250724,2,1.1746,1.18401
20250724,3,0.99887,1.00687
20250724,4,0.0111,0.01119
20250724,5,0.25157,0.25358
20250725,1,0.92429,0.93229
20250725,2,1.17385,1.18401
20250725,3,0.99823,1.00687
20250725,4,0.01109,0.01119
20250725,5,0.25141,0.25358
20250726,1,0.92373,0.93229
20250726,2,1.17314,1.18401
20250726,3,0.99763,1.00687
20250726,4,0.01108,0.01119
20250726,5,0.25126,0.25358
20250727,1,0.92322,0.93229
20250727,2,1.17248,1.18401
20250727,3,0.99707,1.00687
20250727,4,0.01108,0.01119
20250727,5,0.25111,0.25358
20250728,1,0.92274,0.93229
20250728,2,1.17187,1.18401
20250728,3,0.99655,1.00687
20250728,4,0.01107,0.01119
20250728,5,0.25098,0.25358
20250729,1,0.92229,0.93229
20250729,2,1.17131,1.18401
20250729,3,0.99608,1.00687
20250729,4,0.01107,0.01119
20250729,5,0.25086,0.25358
20250730,1,0.92189,0.93229
20250730,2,1.1708,1.18401
20250730,3,0.99564,1.00687
20250730,4,0.01106,0.01119
20250730,5,0.25075,0.25358
20250731,1,0.92153,0.93229
20250731,2,1.17034,1.18401
20250731,3,0.99525,1.00687
20250731,4,0.01106,0.01119
20250731,5,0.25065,0.25358
20250801,1,0.9212,0.92257
20250801,2,1.16992,1.17167
20250801,3,0.99489,0.99638
20250801,4,0.01105,0.01107
20250801,5,0.25057,0.25094
20250802,1,0.92091,0.92257
20250802,2,1.16956,1.17167
20250802,3,0.99458,0.99638
20250802,4,0.01105,0.01107
20250802,5,0.25049,0.25094
20250803,1,0.92066,0.92257
20250803,2,1.16924,1.17167
20250803,3,0.99432,0.99638
20250803,4,0.01105,0.01107
20250803,5,0.25042,0.25094
20250804,1,0.92045,0.92257
20250804,2,1.16898,1.17167
20250804,3,0.99409,0.99638
20250804,4,0.01105,0.01107
20250804,5,0.25036,0.25094
20250805,1,0.92029,0.92257
20250805,2,1.16876,1.17167
20250805,3,0.99391,0.99638
20250805,4,0.01104,0.01107
20250805,5,0.25032,0.25094
20250806,1,0.92015,0.92257
20250806,2,1.1686,1.17167
20250806,3,0.99377,0.99638
20250806,4,0.01104,0.01107
20250806,5,0.25028,0.25094
20250807,1,0.92006,0.92257
20250807,2,1.16848,1.17167
20250807,3,0.99367,0.99638
20250807,4,0.01104,0.01107
20250807,5,0.25026,0.25094
20250808,1,0.92001,0.92257
20250808,2,1.16842,1.17167
20250808,3,0.99361,0.99638
20250808,4,0.01104,0.01107
20250808,5,0.25024,0.25094
20250809,1,0.92,0.92257
20250809,2,1.1684,1.17167
20250809,3,0.9936,0.99638
20250809,4,0.01104,0.01107
20250809,5,0.25024,0.25094
20250810,1,0.92003,0.92257
20250810,2,1.16844,1.17167
20250810,3,0.99363,0.99638
20250810,4,0.01104,0.01107
20250810,5,0.25025,0.25094
20250811,1,0.9201,0.92257
20250811,2,1.16852,1.17167
20250811,3,0.9937,0.99638
20250811,4,0.01104,0.01107
20250811,5,0.25027,0.25094
20250812,1,0.9202,0.92257
20250812,2,1.16866,1.17167
20250812,3,0.99382,0.99638
20250812,4,0.01104,0.01107
20250812,5,0.25029,0.25094
20250813,1,0.92035,0.92257
20250813,2,1.16884,1.17167
20250813,3,0.99398,0.99638
20250813,4,0.01104,0.01107
20250813,5,0.25033,0.25094
20250814,1,0.92053,0.92257
20250814,2,1.16908,1.17167
20250814,3,0.99418,0.99638
20250814,4,0.01105,0.01107
20250814,5,0.25039,0.25094
20250815,1,0.92076,0.92257
20250815,2,1.16936,1.17167
20250815,3,0.99442,0.99638
20250815,4,0.01105,0.01107
20250815,5,0.25045,0.25094
20250816,1,0.92102,0.92257
20250816,2,1.1697,1.17167
20250816,3,0.9947,0.99638
20250816,4,0.01105,0.01107
20250816,5,0.25052,0.25094
20250817,1,0.92132,0.92257
20250817,2,1.17008,1.17167
20250817,3,0.99503,0.99638
20250817,4,0.01106,0.01107
20250817,5,0.2506,0.25094
20250818,1,0.92167,0.92257
20250818,2,1.17052,1.17167
20250818,3,0.9954,0.99638
20250818,4,0.01106,0.01107
20250818,5,0.25069,0.25094
20250819,1,0.92205,0.92257
20250819,2,1.171,1.17167
20250819,3,0.99581,0.99638
20250819,4,0.01106,0.01107
20250819,5,0.2508,0.25094
20250820,1,0.92246,0.92257
20250820,2,1.17153,1.17167
20250820,3,0.99626,0.99638
20250820,4,0.01107,0.01107
20250820,5,0.25091,0.25094
20250821,1,0.92292,0.92257
20250821,2,1.17211,1.17167
20250821,3,0.99676,0.99638
20250821,4,0.01108,0.01107
20250821,5,0.25103,0.25094
20250822,1,0.92342,0.92257
20250822,2,1.17274,1.17167
20250822,3,0.99729,0.99638
20250822,4,0.01108,0.01107
20250822,5,0.25117,0.25094
20250823,1,0.92395,0.92257
20250823,2,1.17342,1.17167
20250823,3,0.99787,0.99638
20250823,4,0.01109,0.01107
20250823,5,0.25131,0.25094
20250824,1,0.92452,0.92257
20250824,2,1.17414,1.17167
20250824,3,0.99848,0.99638
20250824,4,0.01109,0.01107
20250824,5,0.25147,0.25094
20250825,1,0.92513,0.92257
20250825,2,1.17491,1.17167
20250825,3,0.99914,0.99638
20250825,4,0.0111,0.01107
20250825,5,0.25163,0.25094
20250826,1,0.92577,0.92257
20250826,2,1.17573,1.17167
20250826,3,0.99983,0.99638
20250826,4,0.01111,0.01107
20250826,5,0.25181,0.25094
20250827,1,0.92645,0.92257
20250827,2,1.1766,1.17167
20250827,3,1.00057,0.99638
20250827,4,0.01112,0.01107
20250827,5,0.252,0.25094
20250828,1,0.92717,0.92257
20250828,2,1.17751,1.17167
20250828,3,1.00135,0.99638
20250828,4,0.01113,0.01107
20250828,5,0.25219,0.25094
20250829,1,0.92792,0.92257
20250829,2,1.17846,1.17167
20250829,3,1.00216,0.99638
20250829,4,0.01114,0.01107
20250829,5,0.2524,0.25094
20250830,1,0.92871,0.92257
20250830,2,1.17947,1.17167
20250830,3,1.00301,0.99638
20250830,4,0.01114,0.01107
20250830,5,0.25261,0.25094
20250831,1,0.92954,0.92257
20250831,2,1.18051,1.17167
20250831,3,1.0039,0.99638
20250831,4,0.01115,0.01107
20250831,5,0.25283,0.25094
20250901,1,0.9304,0.94745
20250901,2,1.18161,1.20327
20250901,3,1.00483,1.02325
20250901,4,0.01116,0.01137
20250901,5,0.25307,0.25771
20250902,1,0.93129,0.94745
20250902,2,1.18274,1.20327
20250902,3,1.00579,1.02325
20250902,4,0.01118,0.01137
20250902,5,0.25331,0.25771
20250903,1,0.93222,0.94745
20250903,2,1.18392,1.20327
20250903,3,1.0068,1.02325
20250903,4,0.01119,0.01137
20250903,5,0.25356,0.25771
20250904,1,0.93318,0.94745
20250904,2,1.18514,1.20327
20250904,3,1.00783,1.02325
20250904,4,0.0112,0.01137
20250904,5,0.25382,0.25771
20250905,1,0.93417,0.94745
20250905,2,1.1864,1.20327
20250905,3,1.00891,1.02325
20250905,4,0.01121,0.01137
20250905,5,0.2541,0.25771
20250906,1,0.9352,0.94745
20250906,2,1.1877,1.20327
20250906,3,1.01002,1.02325
20250906,4,0.01122,0.01137
20250906,5,0.25437,0.25771
20250907,1,0.93626,0.94745
20250907,2,1.18905,1.20327
20250907,3,1.01116,1.02325
20250907,4,0.01124,0.01137
20250907,5,0.25466,0.25771
20250908,1,0.93735,0.94745
20250908,2,1.19043,1.20327
20250908,3,1.01234,1.02325
20250908,4,0.01125,0.01137
20250908,5,0.25496,0.25771
20250909,1,0.93847,0.94745
20250909,2,1.19186,1.20327
20250909,3,1.01355,1.02325
20250909,4,0.01126,0.01137
20250909,5,0.25526,0.25771
20250910,1,0.93962,0.94745
20250910,2,1.19332,1.20327
20250910,3,1.01479,1.02325
20250910,4,0.01128,0.01137
20250910,5,0.25558,0.25771
20250911,1,0.9408,0.94745
20250911,2,1.19482,1.20327
20250911,3,1.01607,1.02325
20250911,4,0.01129,0.01137
20250911,5,0.2559,0.25771
20250912,1,0.94201,0.94745
20250912,2,1.19636,1.20327
20250912,3,1.01737,1.02325
20250912,4,0.0113,0.01137
20250912,5,0.25623,0.25771
20250913,1,0.94325,0.94745
20250913,2,1.19793,1.20327
20250913,3,1.01871,1.02325
20250913,4,0.01132,0.01137
20250913,5,0.25656,0.25771
20250914,1,0.94452,0.94745
20250914,2,1.19954,1.20327
20250914,3,1.02008,1.02325
20250914,4,0.01133,0.01137
20250914,5,0.25691,0.25771
20250915,1,0.94581,0.94745
20250915,2,1.20118,1.20327
20250915,3,1.02148,1.02325
20250915,4,0.01135,0.01137
20250915,5,0.25726,0.25771
20250916,1,0.94713,0.94745
20250916,2,1.20286,1.20327
20250916,3,1.0229,1.02325
20250916,4,0.01137,0.01137
20250916,5,0.25762,0.25771
20250917,1,0.94848,0.94745
20250917,2,1.20457,1.20327
20250917,3,1.02436,1.02325
20250917,4,0.01138,0.01137
20250917,5,0.25799,0.25771
20250918,1,0.94985,0.94745
20250918,2,1.20631,1.20327
20250918,3,1.02584,1.02325
20250918,4,0.0114,0.01137
20250918,5,0.25836,0.25771
20250919,1,0.95125,0.94745
20250919,2,1.20809,1.20327
20250919,3,1.02735,1.02325
20250919,4,0.01142,0.01137
20250919,5,0.25874,0.25771
20250920,1,0.95267,0.94745
20250920,2,1.20989,1.20327
20250920,3,1.02889,1.02325
20250920,4,0.01143,0.01137
20250920,5,0.25913,0.25771
20250921,1,0.95412,0.94745
20250921,2,1.21173,1.20327
20250921,3,1.03045,1.02325
20250921,4,0.01145,0.01137
20250921,5,0.25952,0.25771
20250922,1,0.95558,0.94745
20250922,2,1.21359,1.20327
20250922,3,1.03203,1.02325
20250922,4,0.01147,0.01137
20250922,5,0.25992,0.25771
20250923,1,0.95707,0.94745
20250923,2,1.21548,1.20327
20250923,3,1.03364,1.02325
20250923,4,0.01148,0.01137
20250923,5,0.26032,0.25771
20250924,1,0.95858,0.94745
20250924,2,1.2174,1.20327
20250924,3,1.03527,1.02325
20250924,4,0.0115,0.01137
20250924,5,0.26074,0.25771
20250925,1,0.96012,0.94745
20250925,2,1.21935,1.20327
20250925,3,1.03693,1.02325
20250925,4,0.01152,0.01137
20250925,5,0.26115,0.25771
20250926,1,0.96167,0.94745
20250926,2,1.22132,1.20327
20250926,3,1.0386,1.02325
20250926,4,0.01154,0.01137
20250926,5,0.26157,0.25771
20250927,1,0.96324,0.94745
20250927,2,1.22331,1.20327
20250927,3,1.0403,1.02325
20250927,4,0.01156,0.01137
20250927,5,0.262,0.25771
20250928,1,0.96482,0.94745
20250928,2,1.22533,1.20327
20250928,3,1.04201,1.02325
20250928,4,0.01158,0.01137
20250928,5,0.26243,0.25771
20250929,1,0.96643,0.94745
20250929,2,1.22737,1.20327
20250929,3,1.04374,1.02325
20250929,4,0.0116,0.01137
20250929,5,0.26287,0.25771
20250930,1,0.96805,0.94745
20250930,2,1.22943,1.20327
20250930,3,1.0455,1.02325
20250930,4,0.01162,0.01137
20250930,5,0.26331,0.25771
20251001,1,0.96969,0.99567
20251001,2,1.23151,1.2645
20251001,3,1.04726,1.07532
20251001,4,0.01164,0.01195
20251001,5,0.26376,0.27082
20251002,1,0.97134,0.99567
20251002,2,1.2336,1.2645
20251002,3,1.04905,1.07532
20251002,4,0.01166,0.01195
20251002,5,0.2642,0.27082
20251003,1,0.97301,0.99567
20251003,2,1.23572,1.2645
20251003,3,1.05085,1.07532
20251003,4,0.01168,0.01195
20251003,5,0.26466,0.27082
20251004,1,0.97469,0.99567
20251004,2,1.23785,1.2645
20251004,3,1.05266,1.07532
20251004,4,0.0117,0.01195
20251004,5,0.26512,0.27082
20251005,1,0.97638,0.99567
20251005,2,1.24,1.2645
20251005,3,1.05449,1.07532
20251005,4,0.01172,0.01195
20251005,5,0.26558,0.27082
20251006,1,0.97809,0.99567
20251006,2,1.24217,1.2645
20251006,3,1.05633,1.07532
20251006,4,0.01174,0.01195
20251006,5,0.26604,0.27082
20251007,1,0.9798,0.99567
20251007,2,1.24435,1.2645
20251007,3,1.05818,1.07532
20251007,4,0.01176,0.01195
20251007,5,0.26651,0.27082
20251008,1,0.98153,0.99567
20251008,2,1.24654,1.2645
20251008,3,1.06005,1.07532
20251008,4,0.01178,0.01195
20251008,5,0.26697,0.27082
20251009,1,0.98326,0.99567
20251009,2,1.24874,1.2645
20251009,3,1.06192,1.07532
20251009,4,0.0118,0.01195
20251009,5,0.26745,0.27082
20251010,1,0.985,0.99567
20251010,2,1.25095,1.2645
20251010,3,1.0638,1.07532
20251010,4,0.01182,0.01195
20251010,5,0.26792,0.27082
20251011,1,0.98675,0.99567
20251011,2,1.25317,1.2645
20251011,3,1.06569,1.07532
20251011,4,0.01184,0.01195
20251011,5,0.2684,0.27082
20251012,1,0.98851,0.99567
20251012,2,1.25541,1.2645
20251012,3,1.06759,1.07532
20251012,4,0.01186,0.01195
20251012,5,0.26887,0.27082
20251013,1,0.99027,0.99567
20251013,2,1.25764,1.2645
20251013,3,1.06949,1.07532
20251013,4,0.01188,0.01195
20251013,5,0.26935,0.27082
20251014,1,0.99204,0.99567
20251014,2,1.25989,1.2645
20251014,3,1.0714,1.07532
20251014,4,0.0119,0.01195
20251014,5,0.26983,0.27082
20251015,1,0.99381,0.99567
20251015,2,1.26214,1.2645
20251015,3,1.07331,1.07532
20251015,4,0.01193,0.01195
20251015,5,0.27032,0.27082
20251016,1,0.99558,0.99567
20251016,2,1.26439,1.2645
20251016,3,1.07523,1.07532
20251016,4,0.01195,0.01195
20251016,5,0.2708,0.27082
20251017,1,0.99736,0.99567
20251017,2,1.26664,1.2645
20251017,3,1.07715,1.07532
20251017,4,0.01197,0.01195
20251017,5,0.27128,0.27082
20251018,1,0.99913,0.99567
20251018,2,1.2689,1.2645
20251018,3,1.07907,1.07532
20251018,4,0.01199,0.01195
20251018,5,0.27176,0.27082
20251019,1,1.00091,0.99567
20251019,2,1.27116,1.2645
20251019,3,1.08099,1.07532
20251019,4,0.01201,0.01195
20251019,5,0.27225,0.27082
20251020,1,1.00269,0.99567
20251020,2,1.27342,1.2645
20251020,3,1.08291,1.07532
20251020,4,0.01203,0.01195
20251020,5,0.27273,0.27082
20251021,1,1.00447,0.99567
20251021,2,1.27567,1.2645
20251021,3,1.08482,1.07532
20251021,4,0.01205,0.01195
20251021,5,0.27321,0.27082
20251022,1,1.00624,0.99567
20251022,2,1.27792,1.2645
20251022,3,1.08674,1.07532
20251022,4,0.01207,0.01195
20251022,5,0.2737,0.27082
20251023,1,1.00801,0.99567
20251023,2,1.28017,1.2645
20251023,3,1.08865,1.07532
20251023,4,0.0121,0.01195
20251023,5,0.27418,0.27082
20251024,1,1.00978,0.99567
20251024,2,1.28242,1.2645
20251024,3,1.09056,1.07532
20251024,4,0.01212,0.01195
20251024,5,0.27466,0.27082
20251025,1,1.01154,0.99567
20251025,2,1.28465,1.2645
20251025,3,1.09246,1.07532
20251025,4,0.01214,0.01195
20251025,5,0.27514,0.27082
20251026,1,1.0133,0.99567
20251026,2,1.28688,1.2645
20251026,3,1.09436,1.07532
20251026,4,0.01216,0.01195
20251026,5,0.27562,0.27082
20251027,1,1.01504,0.99567
20251027,2,1.28911,1.2645
20251027,3,1.09625,1.07532
20251027,4,0.01218,0.01195
20251027,5,0.27609,0.27082
20251028,1,1.01679,0.99567
20251028,2,1.29132,1.2645
20251028,3,1.09813,1.07532
20251028,4,0.0122,0.01195
20251028,5,0.27657,0.27082
20251029,1,1.01852,0.99567
20251029,2,1.29352,1.2645
20251029,3,1.1,1.07532
20251029,4,0.01222,0.01195
20251029,5,0.27704,0.27082
20251030,1,1.02025,0.99567
20251030,2,1.29571,1.2645
20251030,3,1.10187,1.07532
20251030,4,0.01224,0.01195
20251030,5,0.27751,0.27082
20251031,1,1.02196,0.99567
20251031,2,1.29789,1.2645
20251031,3,1.10372,1.07532
20251031,4,0.01226,0.01195
20251031,5,0.27797,0.27082
20251101,1,1.02366,1.04579
20251101,2,1.30005,1.32815
20251101,3,1.10556,1.12945
20251101,4,0.01228,0.01255
20251101,5,0.27844,0.28445
20251102,1,1.02536,1.04579
20251102,2,1.3022,1.32815
20251102,3,1.10738,1.12945
20251102,4,0.0123,0.01255
20251102,5,0.2789,0.28445
20251103,1,1.02704,1.04579
20251103,2,1.30434,1.32815
20251103,3,1.1092,1.12945
20251103,4,0.01232,0.01255
20251103,5,0.27935,0.28445
20251104,1,1.0287,1.04579
20251104,2,1.30645,1.32815
20251104,3,1.111,1.12945
20251104,4,0.01234,0.01255
20251104,5,0.27981,0.28445
20251105,1,1.03035,1.04579
20251105,2,1.30855,1.32815
20251105,3,1.11278,1.12945
20251105,4,0.01236,0.01255
20251105,5,0.28026,0.28445
20251106,1,1.03199,1.04579
20251106,2,1.31063,1.32815
20251106,3,1.11455,1.12945
20251106,4,0.01238,0.01255
20251106,5,0.2807,0.28445
20251107,1,1.03361,1.04579
20251107,2,1.31269,1.32815
20251107,3,1.1163,1.12945
20251107,4,0.0124,0.01255
20251107,5,0.28114,0.28445
20251108,1,1.03522,1.04579
20251108,2,1.31473,1.32815
20251108,3,1.11804,1.12945
20251108,4,0.01242,0.01255
20251108,5,0.28158,0.28445
20251109,1,1.03681,1.04579
20251109,2,1.31674,1.32815
20251109,3,1.11975,1.12945
20251109,4,0.01244,0.01255
20251109,5,0.28201,0.28445
20251110,1,1.03837,1.04579
20251110,2,1.31874,1.32815
20251110,3,1.12144,1.12945
20251110,4,0.01246,0.01255
20251110,5,0.28244,0.28445
20251111,1,1.03993,1.04579
20251111,2,1.3207,1.32815
20251111,3,1.12312,1.12945
20251111,4,0.01248,0.01255
20251111,5,0.28286,0.28445
20251112,1,1.04146,1.04579
20251112,2,1.32265,1.32815
20251112,3,1.12477,1.12945
20251112,4,0.0125,0.01255
20251112,5,0.28328,0.28445
20251113,1,1.04297,1.04579
20251113,2,1.32457,1.32815
20251113,3,1.1264,1.12945
20251113,4,0.01252,0.01255
20251113,5,0.28369,0.28445
20251114,1,1.04445,1.04579
20251114,2,1.32646,1.32815
20251114,3,1.12801,1.12945
20251114,4,0.01253,0.01255
20251114,5,0.28409,0.28445
20251115,1,1.04592,1.04579
20251115,2,1.32832,1.32815
20251115,3,1.1296,1.12945
20251115,4,0.01255,0.01255
20251115,5,0.28449,0.28445
20251116,1,1.04737,1.04579
20251116,2,1.33015,1.32815
20251116,3,1.13116,1.12945
20251116,4,0.01257,0.01255
20251116,5,0.28488,0.28445
20251117,1,1.04879,1.04579
20251117,2,1.33196,1.32815
20251117,3,1.13269,1.12945
20251117,4,0.01259,0.01255
20251117,5,0.28527,0.28445
20251118,1,1.05018,1.04579
20251118,2,1.33373,1.32815
20251118,3,1.1342,1.12945
20251118,4,0.0126,0.01255
20251118,5,0.28565,0.28445
20251119,1,1.05156,1.04579
20251119,2,1.33548,1.32815
20251119,3,1.13568,1.12945
20251119,4,0.01262,0.01255
20251119,5,0.28602,0.28445
20251120,1,1.0529,1.04579
20251120,2,1.33719,1.32815
20251120,3,1.13713,1.12945
20251120,4,0.01263,0.01255
20251120,5,0.28639,0.28445
20251121,1,1.05422,1.04579
20251121,2,1.33886,1.32815
20251121,3,1.13856,1.12945
20251121,4,0.01265,0.01255
20251121,5,0.28675,0.28445
20251122,1,1.05552,1.04579
20251122,2,1.34051,1.32815
20251122,3,1.13996,1.12945
20251122,4,0.01267,0.01255
20251122,5,0.2871,0.28445
20251123,1,1.05678,1.04579
20251123,2,1.34211,1.32815
20251123,3,1.14132,1.12945
20251123,4,0.01268,0.01255
20251123,5,0.28744,0.28445
20251124,1,1.05802,1.04579
20251124,2,1.34369,1.32815
20251124,3,1.14266,1.12945
20251124,4,0.0127,0.01255
20251124,5,0.28778,0.28445
20251125,1,1.05923,1.04579
20251125,2,1.34522,1.32815
20251125,3,1.14397,1.12945
20251125,4,0.01271,0.01255
20251125,5,0.28811,0.28445
20251126,1,1.06041,1.04579
20251126,2,1.34672,1.32815
20251126,3,1.14524,1.12945
20251126,4,0.01272,0.01255
20251126,5,0.28843,0.28445
20251127,1,1.06156,1.04579
20251127,2,1.34818,1.32815
20251127,3,1.14649,1.12945
20251127,4,0.01274,0.01255
20251127,5,0.28874,0.28445
20251128,1,1.06268,1.04579
20251128,2,1.3496,1.32815
20251128,3,1.1477,1.12945
20251128,4,0.01275,0.01255
20251128,5,0.28905,0.28445
20251129,1,1.06377,1.04579
20251129,2,1.35099,1.32815
20251129,3,1.14887,1.12945
20251129,4,0.01277,0.01255
20251129,5,0.28935,0.28445
20251130,1,1.06483,1.04579
20251130,2,1.35233,1.32815
20251130,3,1.15001,1.12945
20251130,4,0.01278,0.01255
20251130,5,0.28963,0.28445
20251201,1,1.06585,1.07558
20251201,2,1.35363,1.36598
20251201,3,1.15112,1.16162
20251201,4,0.01279,0.01291
20251201,5,0.28991,0.29256
20251202,1,1.06685,1.07558
20251202,2,1.35489,1.36598
20251202,3,1.15219,1.16162
20251202,4,0.0128,0.01291
20251202,5,0.29018,0.29256
20251203,1,1.06781,1.07558
20251203,2,1.35611,1.36598
20251203,3,1.15323,1.16162
20251203,4,0.01281,0.01291
20251203,5,0.29044,0.29256
20251204,1,1.06873,1.07558
20251204,2,1.35729,1.36598
20251204,3,1.15423,1.16162
20251204,4,0.01282,0.01291
20251204,5,0.2907,0.29256
20251205,1,1.06963,1.07558
20251205,2,1.35842,1.36598
20251205,3,1.1552,1.16162
20251205,4,0.01284,0.01291
20251205,5,0.29094,0.29256
20251206,1,1.07048,1.07558
20251206,2,1.35951,1.36598
20251206,3,1.15612,1.16162
20251206,4,0.01285,0.01291
20251206,5,0.29117,0.29256
20251207,1,1.07131,1.07558
20251207,2,1.36056,1.36598
20251207,3,1.15701,1.16162
20251207,4,0.01286,0.01291
20251207,5,0.2914,0.29256
20251208,1,1.0721,1.07558
20251208,2,1.36156,1.36598
20251208,3,1.15786,1.16162
20251208,4,0.01287,0.01291
20251208,5,0.29161,0.29256
20251209,1,1.07285,1.07558
20251209,2,1.36252,1.36598
20251209,3,1.15868,1.16162
20251209,4,0.01287,0.01291
20251209,5,0.29181,0.29256
20251210,1,1.07356,1.07558
20251210,2,1.36343,1.36598
20251210,3,1.15945,1.16162
20251210,4,0.01288,0.01291
20251210,5,0.29201,0.29256
20251211,1,1.07425,1.07558
20251211,2,1.36429,1.36598
20251211,3,1.16018,1.16162
20251211,4,0.01289,0.01291
20251211,5,0.29219,0.29256
20251212,1,1.07489,1.07558
20251212,2,1.36511,1.36598
20251212,3,1.16088,1.16162
20251212,4,0.0129,0.01291
20251212,5,0.29237,0.29256
20251213,1,1.0755,1.07558
20251213,2,1.36588,1.36598
20251213,3,1.16154,1.16162
20251213,4,0.01291,0.01291
20251213,5,0.29253,0.29256
20251214,1,1.07607,1.07558
20251214,2,1.3666,1.36598
20251214,3,1.16215,1.16162
20251214,4,0.01291,0.01291
20251214,5,0.29269,0.29256
20251215,1,1.0766,1.07558
20251215,2,1.36728,1.36598
20251215,3,1.16272,1.16162
20251215,4,0.01292,0.01291
20251215,5,0.29283,0.29256
20251216,1,1.07709,1.07558
20251216,2,1.36791,1.36598
20251216,3,1.16326,1.16162
20251216,4,0.01293,0.01291
20251216,5,0.29297,0.29256
20251217,1,1.07755,1.07558
20251217,2,1.36848,1.36598
20251217,3,1.16375,1.16162
20251217,4,0.01293,0.01291
20251217,5,0.29309,0.29256
20251218,1,1.07796,1.07558
20251218,2,1.36902,1.36598
20251218,3,1.1642,1.16162
20251218,4,0.01294,0.01291
20251218,5,0.29321,0.29256
20251219,1,1.07834,1.07558
20251219,2,1.3695,1.36598
20251219,3,1.16461,1.16162
20251219,4,0.01294,0.01291
20251219,5,0.29331,0.29256
20251220,1,1.07868,1.07558
20251220,2,1.36993,1.36598
20251220,3,1.16498,1.16162
20251220,4,0.01294,0.01291
20251220,5,0.2934,0.29256
20251221,1,1.07899,1.07558
20251221,2,1.37031,1.36598
20251221,3,1.1653,1.16162
20251221,4,0.01295,0.01291
20251221,5,0.29348,0.29256
20251222,1,1.07925,1.07558
20251222,2,1.37065,1.36598
20251222,3,1.16559,1.16162
20251222,4,0.01295,0.01291
20251222,5,0.29356,0.29256
20251223,1,1.07947,1.07558
20251223,2,1.37093,1.36598
20251223,3,1.16583,1.16162
20251223,4,0.01295,0.01291
20251223,5,0.29362,0.29256
20251224,1,1.07966,1.07558
20251224,2,1.37116,1.36598
20251224,3,1.16603,1.16162
20251224,4,0.01296,0.01291
20251224,5,0.29367,0.29256
20251225,1,1.0798,1.07558
20251225,2,1.37135,1.36598
20251225,3,1.16619,1.16162
20251225,4,0.01296,0.01291
20251225,5,0.29371,0.29256
20251226,1,1.07991,1.07558
20251226,2,1.37148,1.36598
20251226,3,1.1663,1.16162
20251226,4,0.01296,0.01291
20251226,5,0.29373,0.29256
20251227,1,1.07997,1.07558
20251227,2,1.37157,1.36598
20251227,3,1.16637,1.16162
20251227,4,0.01296,0.01291
20251227,5,0.29375,0.29256
20251228,1,1.08,1.07558
20251228,2,1.3716,1.36598
20251228,3,1.1664,1.16162
20251228,4,0.01296,0.01291
20251228,5,0.29376,0.29256
20251229,1,1.07999,1.07558
20251229,2,1.37158,1.36598
20251229,3,1.16639,1.16162
20251229,4,0.01296,0.01291
20251229,5,0.29376,0.29256
20251230,1,1.07993,1.07558
20251230,2,1.37152,1.36598
20251230,3,1.16633,1.16162
20251230,4,0.01296,0.01291
20251230,5,0.29374,0.29256
20251231,1,1.07984,1.07558
20251231,2,1.3714,1.36598
20251231,3,1.16623,1.16162
20251231,4,0.01296,0.01291
20251231,5,0.29372,0.29256
20260101,1,1.07971,1.07166
20260101,2,1.37123,1.36101
20260101,3,1.16609,1.1574
20260101,4,0.01296,0.01286
20260101,5,0.29368,0.29149
20260102,1,1.07954,1.07166
20260102,2,1.37102,1.36101
20260102,3,1.1659,1.1574
20260102,4,0.01295,0.01286
20260102,5,0.29363,0.29149
20260103,1,1.07933,1.07166
20260103,2,1.37075,1.36101
20260103,3,1.16568,1.1574
20260103,4,0.01295,0.01286
20260103,5,0.29358,0.29149
20260104,1,1.07908,1.07166
20260104,2,1.37043,1.36101
20260104,3,1.16541,1.1574
20260104,4,0.01295,0.01286
20260104,5,0.29351,0.29149
20260105,1,1.07879,1.07166
20260105,2,1.37007,1.36101
20260105,3,1.1651,1.1574
20260105,4,0.01295,0.01286
20260105,5,0.29343,0.29149
20260106,1,1.07847,1.07166
20260106,2,1.36965,1.36101
20260106,3,1.16474,1.1574
20260106,4,0.01294,0.01286
20260106,5,0.29334,0.29149
20260107,1,1.0781,1.07166
20260107,2,1.36919,1.36101
20260107,3,1.16435,1.1574
20260107,4,0.01294,0.01286
20260107,5,0.29324,0.29149
20260108,1,1.0777,1.07166
20260108,2,1.36867,1.36101
20260108,3,1.16391,1.1574
20260108,4,0.01293,0.01286
20260108,5,0.29313,0.29149
20260109,1,1.07725,1.07166
20260109,2,1.36811,1.36101
20260109,3,1.16343,1.1574
20260109,4,0.01293,0.01286
20260109,5,0.29301,0.29149
20260110,1,1.07677,1.07166
20260110,2,1.3675,1.36101
20260110,3,1.16291,1.1574
20260110,4,0.01292,0.01286
20260110,5,0.29288,0.29149
20260111,1,1.07625,1.07166
20260111,2,1.36684,1.36101
20260111,3,1.16235,1.1574
20260111,4,0.01292,0.01286
20260111,5,0.29274,0.29149
20260112,1,1.0757,1.07166
20260112,2,1.36613,1.36101
20260112,3,1.16175,1.1574
20260112,4,0.01291,0.01286
20260112,5,0.29259,0.29149
20260113,1,1.0751,1.07166
20260113,2,1.36538,1.36101
20260113,3,1.16111,1.1574
20260113,4,0.0129,0.01286
20260113,5,0.29243,0.29149
20260114,1,1.07447,1.07166
20260114,2,1.36458,1.36101
20260114,3,1.16043,1.1574
20260114,4,0.01289,0.01286
20260114,5,0.29226,0.29149
20260115,1,1.0738,1.07166
20260115,2,1.36373,1.36101
20260115,3,1.15971,1.1574
20260115,4,0.01289,0.01286
20260115,5,0.29207,0.29149
20260116,1,1.0731,1.07166
20260116,2,1.36284,1.36101
20260116,3,1.15895,1.1574
20260116,4,0.01288,0.01286
20260116,5,0.29188,0.29149
20260117,1,1.07236,1.07166
20260117,2,1.3619,1.36101
20260117,3,1.15815,1.1574
20260117,4,0.01287,0.01286
20260117,5,0.29168,0.29149
20260118,1,1.07158,1.07166
20260118,2,1.36091,1.36101
20260118,3,1.15731,1.1574
20260118,4,0.01286,0.01286
20260118,5,0.29147,0.29149
20260119,1,1.07077,1.07166
20260119,2,1.35988,1.36101
20260119,3,1.15643,1.1574
20260119,4,0.01285,0.01286
20260119,5,0.29125,0.29149
20260120,1,1.06993,1.07166
20260120,2,1.35881,1.36101
20260120,3,1.15552,1.1574
20260120,4,0.01284,0.01286
20260120,5,0.29102,0.29149
20260121,1,1.06904,1.07166
20260121,2,1.35769,1.36101
20260121,3,1.15457,1.1574
20260121,4,0.01283,0.01286
20260121,5,0.29078,0.29149
20260122,1,1.06813,1.07166
20260122,2,1.35652,1.36101
20260122,3,1.15358,1.1574
20260122,4,0.01282,0.01286
20260122,5,0.29053,0.29149
20260123,1,1.06718,1.07166
20260123,2,1.35532,1.36101
20260123,3,1.15256,1.1574
20260123,4,0.01281,0.01286
20260123,5,0.29027,0.29149
20260124,1,1.0662,1.07166
20260124,2,1.35407,1.36101
20260124,3,1.1515,1.1574
20260124,4,0.01279,0.01286
20260124,5,0.29001,0.29149
20260125,1,1.06519,1.07166
20260125,2,1.35279,1.36101
20260125,3,1.1504,1.1574
20260125,4,0.01278,0.01286
20260125,5,0.28973,0.29149
20260126,1,1.06414,1.07166
20260126,2,1.35146,1.36101
20260126,3,1.14927,1.1574
20260126,4,0.01277,0.01286
20260126,5,0.28945,0.29149
20260127,1,1.06306,1.07166
20260127,2,1.35009,1.36101
20260127,3,1.1481,1.1574
20260127,4,0.01276,0.01286
20260127,5,0.28915,0.29149
20260128,1,1.06195,1.07166
20260128,2,1.34868,1.36101
20260128,3,1.14691,1.1574
20260128,4,0.01274,0.01286
20260128,5,0.28885,0.29149
20260129,1,1.06081,1.07166
20260129,2,1.34723,1.36101
20260129,3,1.14568,1.1574
20260129,4,0.01273,0.01286
20260129,5,0.28854,0.29149
20260130,1,1.05964,1.07166
20260130,2,1.34574,1.36101
20260130,3,1.14441,1.1574
20260130,4,0.01272,0.01286
20260130,5,0.28822,0.29149
20260131,1,1.05844,1.07166
20260131,2,1.34422,1.36101
20260131,3,1.14312,1.1574
20260131,4,0.0127,0.01286
20260131,5,0.2879,0.29149
20260201,1,1.05721,1.03752
20260201,2,1.34266,1.31765
20260201,3,1.14179,1.12052
20260201,4,0.01269,0.01245
20260201,5,0.28756,0.28221
20260202,1,1.05596,1.03752
20260202,2,1.34106,1.31765
20260202,3,1.14043,1.12052
20260202,4,0.01267,0.01245
20260202,5,0.28722,0.28221
20260203,1,1.05467,1.03752
20260203,2,1.33943,1.31765
20260203,3,1.13905,1.12052
20260203,4,0.01266,0.01245
20260203,5,0.28687,0.28221
20260204,1,1.05336,1.03752
20260204,2,1.33777,1.31765
20260204,3,1.13763,1.12052
20260204,4,0.01264,0.01245
20260204,5,0.28651,0.28221
20260205,1,1.05202,1.03752
20260205,2,1.33607,1.31765
20260205,3,1.13618,1.12052
20260205,4,0.01262,0.01245
20260205,5,0.28615,0.28221
20260206,1,1.05066,1.03752
20260206,2,1.33434,1.31765
20260206,3,1.13471,1.12052
20260206,4,0.01261,0.01245
20260206,5,0.28578,0.28221
20260207,1,1.04927,1.03752
20260207,2,1.33257,1.31765
20260207,3,1.13321,1.12052
20260207,4,0.01259,0.01245
20260207,5,0.2854,0.28221
20260208,1,1.04786,1.03752
20260208,2,1.33078,1.31765
20260208,3,1.13169,1.12052
20260208,4,0.01257,0.01245
20260208,5,0.28502,0.28221
20260209,1,1.04642,1.03752
20260209,2,1.32896,1.31765
20260209,3,1.13014,1.12052
20260209,4,0.01256,0.01245
20260209,5,0.28463,0.28221
20260210,1,1.04496,1.03752
20260210,2,1.3271,1.31765
20260210,3,1.12856,1.12052
20260210,4,0.01254,0.01245
20260210,5,0.28423,0.28221
20260211,1,1.04348,1.03752
20260211,2,1.32522,1.31765
20260211,3,1.12696,1.12052
20260211,4,0.01252,0.01245
20260211,5,0.28383,0.28221
20260212,1,1.04198,1.03752
20260212,2,1.32331,1.31765
20260212,3,1.12534,1.12052
20260212,4,0.0125,0.01245
20260212,5,0.28342,0.28221
20260213,1,1.04046,1.03752
20260213,2,1.32138,1.31765
20260213,3,1.12369,1.12052
20260213,4,0.01249,0.01245
20260213,5,0.283,0.28221
20260214,1,1.03891,1.03752
20260214,2,1.31942,1.31765
20260214,3,1.12202,1.12052
20260214,4,0.01247,0.01245
20260214,5,0.28258,0.28221
20260215,1,1.03735,1.03752
20260215,2,1.31743,1.31765
20260215,3,1.12034,1.12052
20260215,4,0.01245,0.01245
20260215,5,0.28216,0.28221
20260216,1,1.03577,1.03752
20260216,2,1.31543,1.31765
20260216,3,1.11863,1.12052
20260216,4,0.01243,0.01245
20260216,5,0.28173,0.28221
20260217,1,1.03417,1.03752
20260217,2,1.31339,1.31765
20260217,3,1.1169,1.12052
20260217,4,0.01241,0.01245
20260217,5,0.28129,0.28221
20260218,1,1.03255,1.03752
20260218,2,1.31134,1.31765
20260218,3,1.11516,1.12052
20260218,4,0.01239,0.01245
20260218,5,0.28085,0.28221
20260219,1,1.03092,1.03752
20260219,2,1.30927,1.31765
20260219,3,1.1134,1.12052
20260219,4,0.01237,0.01245
20260219,5,0.28041,0.28221
20260220,1,1.02927,1.03752
20260220,2,1.30718,1.31765
20260220,3,1.11162,1.12052
20260220,4,0.01235,0.01245
20260220,5,0.27996,0.28221
20260221,1,1.02761,1.03752
20260221,2,1.30507,1.31765
20260221,3,1.10982,1.12052
20260221,4,0.01233,0.01245
20260221,5,0.27951,0.28221
20260222,1,1.02594,1.03752
20260222,2,1.30294,1.31765
20260222,3,1.10801,1.12052
20260222,4,0.01231,0.01245
20260222,5,0.27905,0.28221
20260223,1,1.02425,1.03752
20260223,2,1.3008,1.31765
20260223,3,1.10619,1.12052
20260223,4,0.01229,0.01245
20260223,5,0.2786,0.28221
20260224,1,1.02255,1.03752
20260224,2,1.29864,1.31765
20260224,3,1.10435,1.12052
20260224,4,0.01227,0.01245
20260224,5,0.27813,0.28221
20260225,1,1.02084,1.03752
20260225,2,1.29646,1.31765
20260225,3,1.10251,1.12052
20260225,4,0.01225,0.01245
20260225,5,0.27767,0.28221
20260226,1,1.01912,1.03752
20260226,2,1.29428,1.31765
20260226,3,1.10065,1.12052
20260226,4,0.01223,0.01245
20260226,5,0.2772,0.28221
20260227,1,1.01739,1.03752
20260227,2,1.29208,1.31765
20260227,3,1.09878,1.12052
20260227,4,0.01221,0.01245
20260227,5,0.27673,0.28221
20260228,1,1.01565,1.03752
20260228,2,1.28987,1.31765
20260228,3,1.0969,1.12052
20260228,4,0.01219,0.01245
20260228,5,0.27626,0.28221
20260301,1,1.0139,0.98761
20260301,2,1.28765,1.25426
20260301,3,1.09501,1.06661
20260301,4,0.01217,0.01185
20260301,5,0.27578,0.26863
20260302,1,1.01215,0.98761
20260302,2,1.28542,1.25426
20260302,3,1.09312,1.06661
20260302,4,0.01215,0.01185
20260302,5,0.2753,0.26863
20260303,1,1.01039,0.98761
20260303,2,1.28319,1.25426
20260303,3,1.09122,1.06661
20260303,4,0.01212,0.01185
20260303,5,0.27482,0.26863
20260304,1,1.00862,0.98761
20260304,2,1.28095,1.25426
20260304,3,1.08931,1.06661
20260304,4,0.0121,0.01185
20260304,5,0.27434,0.26863
20260305,1,1.00685,0.98761
20260305,2,1.2787,1.25426
20260305,3,1.0874,1.06661
20260305,4,0.01208,0.01185
20260305,5,0.27386,0.26863
20260306,1,1.00508,0.98761
20260306,2,1.27645,1.25426
20260306,3,1.08548,1.06661
20260306,4,0.01206,0.01185
20260306,5,0.27338,0.26863
20260307,1,1.0033,0.98761
20260307,2,1.27419,1.25426
20260307,3,1.08357,1.06661
20260307,4,0.01204,0.01185
20260307,5,0.2729,0.26863
20260308,1,1.00153,0.98761
20260308,2,1.27194,1.25426
20260308,3,1.08165,1.06661
20260308,4,0.01202,0.01185
20260308,5,0.27242,0.26863
20260309,1,0.99975,0.98761
20260309,2,1.26968,1.25426
20260309,3,1.07973,1.06661
20260309,4,0.012,0.01185
20260309,5,0.27193,0.26863
20260310,1,0.99797,0.98761
20260310,2,1.26742,1.25426
20260310,3,1.07781,1.06661
20260310,4,0.01198,0.01185
20260310,5,0.27145,0.26863
20260311,1,0.99619,0.98761
20260311,2,1.26517,1.25426
20260311,3,1.07589,1.06661
20260311,4,0.01195,0.01185
20260311,5,0.27096,0.26863
20260312,1,0.99442,0.98761
20260312,2,1.26291,1.25426
20260312,3,1.07397,1.06661
20260312,4,0.01193,0.01185
20260312,5,0.27048,0.26863
20260313,1,0.99265,0.98761
20260313,2,1.26066,1.25426
20260313,3,1.07206,1.06661
20260313,4,0.01191,0.01185
20260313,5,0.27,0.26863
20260314,1,0.99088,0.98761
20260314,2,1.25842,1.25426
20260314,3,1.07015,1.06661
20260314,4,0.01189,0.01185
20260314,5,0.26952,0.26863
20260315,1,0.98912,0.98761
20260315,2,1.25618,1.25426
20260315,3,1.06824,1.06661
20260315,4,0.01187,0.01185
20260315,5,0.26904,0.26863
20260316,1,0.98736,0.98761
20260316,2,1.25394,1.25426
20260316,3,1.06635,1.06661
20260316,4,0.01185,0.01185
20260316,5,0.26856,0.26863
20260317,1,0.9856,0.98761
20260317,2,1.25172,1.25426
20260317,3,1.06445,1.06661
20260317,4,0.01183,0.01185
20260317,5,0.26808,0.26863
20260318,1,0.98386,0.98761
20260318,2,1.2495,1.25426
20260318,3,1.06257,1.06661
20260318,4,0.01181,0.01185
20260318,5,0.26761,0.26863
20260319,1,0.98212,0.98761
20260319,2,1.2473,1.25426
20260319,3,1.06069,1.06661
20260319,4,0.01179,0.01185
20260319,5,0.26714,0.26863
20260320,1,0.98039,0.98761
20260320,2,1.2451,1.25426
20260320,3,1.05883,1.06661
20260320,4,0.01176,0.01185
20260320,5,0.26667,0.26863
20260321,1,0.97868,0.98761
20260321,2,1.24292,1.25426
20260321,3,1.05697,1.06661
20260321,4,0.01174,0.01185
20260321,5,0.2662,0.26863
20260322,1,0.97697,0.98761
20260322,2,1.24075,1.25426
20260322,3,1.05513,1.06661
20260322,4,0.01172,0.01185
20260322,5,0.26574,0.26863
20260323,1,0.97527,0.98761
20260323,2,1.23859,1.25426
20260323,3,1.05329,1.06661
20260323,4,0.0117,0.01185
20260323,5,0.26527,0.26863
20260324,1,0.97359,0.98761
20260324,2,1.23645,1.25426
20260324,3,1.05147,1.06661
20260324,4,0.01168,0.01185
20260324,5,0.26482,0.26863
20260325,1,0.97192,0.98761
20260325,2,1.23433,1.25426
20260325,3,1.04967,1.06661
20260325,4,0.01166,0.01185
20260325,5,0.26436,0.26863
20260326,1,0.97026,0.98761
20260326,2,1.23223,1.25426
20260326,3,1.04788,1.06661
20260326,4,0.01164,0.01185
20260326,5,0.26391,0.26863
20260327,1,0.96861,0.98761
20260327,2,1.23014,1.25426
20260327,3,1.0461,1.06661
20260327,4,0.01162,0.01185
20260327,5,0.26346,0.26863
20260328,1,0.96699,0.98761
20260328,2,1.22807,1.25426
20260328,3,1.04435,1.06661
20260328,4,0.0116,0.01185
20260328,5,0.26302,0.26863
20260329,1,0.96538,0.98761
20260329,2,1.22603,1.25426
20260329,3,1.04261,1.06661
20260329,4,0.01158,0.01185
20260329,5,0.26258,0.26863
20260330,1,0.96378,0.98761
20260330,2,1.224,1.25426
20260330,3,1.04088,1.06661
20260330,4,0.01157,0.01185
20260330,5,0.26215,0.26863
20260331,1,0.96221,0.98761
20260331,2,1.222,1.25426
20260331,3,1.03918,1.06661
20260331,4,0.01155,0.01185
20260331,5,0.26172,0.26863
